retailer_code,SKU,barcode,available_stock,direct_url,country_id
1234,,5425030833360,1,https://www.ruitersport-levade.nl/product/kentucky-fly-veil-wellington-black/,528
1234,,5425030833667,1,https://www.ruitersport-levade.nl/product/kentucky-fly-veil-wellington-navy/,528
1234,,5425030835029,1,https://www.ruitersport-levade.nl/product/kentucky-horsewear-halster-anatomic/,528
1234,,,1,https://www.ruitersport-levade.nl/product/kentucky-horsewear-halster-anatomic/?attribute_pa_halster-maat=cob,528
1234,,,1,https://www.ruitersport-levade.nl/product/kentucky-horsewear-halster-anatomic/?attribute_pa_halster-maat=full,528
1234,,5425030835067,2,https://www.ruitersport-levade.nl/product/kentucky-horsewear-presentatielijn-met-artificieel-leder-beklede-ketting/,528
1234,,5425030837238,2,https://www.ruitersport-levade.nl/product/kentucky-horsewear-wellington-stone-pearl-black/,528
1234,,5425030837283,1,https://www.ruitersport-levade.nl/product/kentucky-horsewear-wellington-stone-pearl-soundless-navy/,528
1234,,5425030837276,2,https://www.ruitersport-levade.nl/product/kentucky-horsewear-wellington-stone-pearl-soundless-black/,528
1234,,5425030837245,1,https://www.ruitersport-levade.nl/product/kentucky-horsewear-wellington-stone-pearl-navy-2/,528
1234,,5425030836941,2,https://www.ruitersport-levade.nl/product/kentucky-horsewear-hoofdsteltas/,528
1234,,5407007530908,5,https://www.ruitersport-levade.nl/product/kentucky-horsewear-waszakken-set-van-3/,528
1234,,5407007530540,1,https://www.ruitersport-levade.nl/product/kentucky-horsewear-hoofdsteltas-grijs/,528
1234,,5407007534692,4,https://www.ruitersport-levade.nl/product/kentucky-horsewear-relax-horse-toy-alpaca/,528
1234,,5425030836811,0,https://www.ruitersport-levade.nl/product/kentucky-horsewear-zadeldek-pearls-dressage-navy/,528
1234,,5425030836835,6,https://www.ruitersport-levade.nl/product/kentucky-horsewear-zadeldek-pearls-dressage-wit/,528
1234,,5425030836828,3,https://www.ruitersport-levade.nl/product/kentucky-horsewear-zadeldek-pearls-dressage-zwart/,528
1234,,5407007535804,2,https://www.ruitersport-levade.nl/product/kentucky-horsewear-zadeldek-pied-de-poule-zwart/,528
1234,,2500000376924,2,https://www.ruitersport-levade.nl/product/kentucky-horsewear-zadeldek-softshell-dressage-mustard/,528
1234,,5407007535651,2,https://www.ruitersport-levade.nl/product/kentucky-horsewear-zadeldek-softshell-dressage-grijs/,528
1234,,,,https://www.ruitersport-levade.nl/product/kentucky-horsewear-showdeken-dark-green/,528
1234,,5407007538218,2,https://www.ruitersport-levade.nl/product/kentucky-horsewear-polar-fleece-bandages-pearls-black/,528
1234,,5407007538232,3,https://www.ruitersport-levade.nl/product/kentucky-horsewear-polar-fleece-bandages-pearls-marineblauw/,528
1234,,5407007537884,1,https://www.ruitersport-levade.nl/product/kentucky-horsewear-polar-fleece-bandages-velvet-oude-roos/,528
1234,,5407007537938,1,https://www.ruitersport-levade.nl/product/kentucky-horsewear-polar-fleece-bandages-velvet-donkergroen/,528
1234,,5407007537907,2,https://www.ruitersport-levade.nl/product/kentucky-horsewear-polar-fleece-bandages-velvet-mosterd/,528
1234,,5407007537662,2,https://www.ruitersport-levade.nl/product/kentucky-horsewear-zadeldek-dressage-velvet-purple/,528
1234,,2500000377129,5,https://www.ruitersport-levade.nl/product/kentucky-horsewear-zadeldek-dressage-velvet-oude-roos/,528
1234,,5407007537648,2,https://www.ruitersport-levade.nl/product/kentucky-horsewear-zadeldek-dressage-velvet-donkergroen/,528
1234,,5407007531738,5,https://www.ruitersport-levade.nl/product/kentucky-horsewear-zadeldek-dressage-velvet-mosterd/,528
1234,,2500000380488,1,https://www.ruitersport-levade.nl/product/kentucky-horsewear-stable-tack-box/,528
1234,,2500000380501,9,https://www.ruitersport-levade.nl/product/kentucky-horsewear-hoof-brush/,528
1234,,2500000380518,4,https://www.ruitersport-levade.nl/product/kentucky-horsewear-middle-hard-brush/,528
1234,,5425030836590,4,https://www.ruitersport-levade.nl/product/kentucky-horsewear-horse-bib-winter-blauw/,528
1234,,5425030839157,5,https://www.ruitersport-levade.nl/product/kentucky-horsewear-horse-bib-winter-zwart/,528
1234,,5407007539208,1,https://www.ruitersport-levade.nl/product/kentucky-horsewear-polar-fleece-bandages-pearls-wit/,528
1234,,5407007539529,3,https://www.ruitersport-levade.nl/product/kentucky-horsewear-zadeldek-basic-velvet-dressage-marine/,528
1234,,5407007532346,-1,https://www.ruitersport-levade.nl/product/kentucky-horsewear-hoofsteltas-l-stang-trens-navy/,528
1234,,5407007538744,-1,https://www.ruitersport-levade.nl/product/kentucky-horsewear-zadelhoes-dressage-navy/,528
1234,,5407007538751,0,https://www.ruitersport-levade.nl/product/kentucky-horsewear-zadelhoes-dressage-grijs/,528
1234,,5407007537600,1,https://www.ruitersport-levade.nl/product/kentucky-horsewear-skin-friendly-dressage-ster-patroon-zwart/,528
1234,,5407007537617,1,https://www.ruitersport-levade.nl/product/kentucky-horsewear-skin-friendly-dressage-ster-patroon-marineblauw/,528
1234,,5407007539536,2,https://www.ruitersport-levade.nl/product/kentucky-horsewear-zadeldek-basic-velvet-dressage-black/,528
1234,,5407007539550,1,https://www.ruitersport-levade.nl/product/kentucky-horsewear-zadeldek-basic-velvet-dressage-beige/,528
1234,,5425030837948,5,https://www.ruitersport-levade.nl/product/kentucky-horsewear-onderbandages-absorb-45-x-30-set-of-4-zwart-wit/,528
1234,,5407007535026,3,https://www.ruitersport-levade.nl/product/kentucky-horsewear-zadeldoek-glitter-stone-dressage-zwart/,528
1234,,5407007535019,3,https://www.ruitersport-levade.nl/product/kentucky-horsewear-zadeldoek-glitter-stone-dressage-marineblauw/,528
1234,,5407007539598,1,https://www.ruitersport-levade.nl/product/kentucky-horsewear-polar-fleece-bandages-velvet-zwart/,528
1234,,2500000386763,3,https://www.ruitersport-levade.nl/product/kentucky-horsewear-polar-fleece-bandages-velvet-grijs/,528
1234,,5407007532377,3,https://www.ruitersport-levade.nl/product/kentucky-horsewear-body-brush-middle-soft/,528
1234,,5407007532407,16,https://www.ruitersport-levade.nl/product/kentucky-horsewear-overall-brush-soft/,528
1234,,5407007532421,10,https://www.ruitersport-levade.nl/product/kentucky-horsewear-overall-brush-hard/,528
1234,,5407008891831,-8,https://www.ruitersport-levade.nl/product/kentucky-horsewear-middle-brush-medium/,528
1234,,5407008891848,10,https://www.ruitersport-levade.nl/product/kentucky-horsewear-middle-brush-long-natural/,528
1234,,8710001052343,15,https://www.ruitersport-levade.nl/product/kentucky-horsewear-hoof-pick/,528
1234,,,,https://www.ruitersport-levade.nl/product/kentucky-horsewear-sheepskin-shipping-halter-grijs/,528
1234,,5407008890964,0,https://www.ruitersport-levade.nl/product/kentucky-horsewear-sheepskin-shipping-halter-grijs/?attribute_pa_halster-maat=cob,528
1234,,5407008890957,2,https://www.ruitersport-levade.nl/product/kentucky-horsewear-sheepskin-shipping-halter-grijs/?attribute_pa_halster-maat=full,528
1234,,x,0,https://www.ruitersport-levade.nl/product/kentucky-horsewear-sheepskin-shipping-halter-grijs/?attribute_pa_halster-maat=pony,528
1234,,5407007539031,5,https://www.ruitersport-levade.nl/product/kentucky-horsewear-horse-bib-borst-bescherming-bont-zwart/,528
1234,,5407007539048,7,https://www.ruitersport-levade.nl/product/kentucky-horsewear-horse-bib-schoft-bescherming-bont-zwart/,528
1234,,5407008890780,2,https://www.ruitersport-levade.nl/product/kentucky-horsewear-polar-fleece-bandages-oranje/,528
1234,,5407008890797,2,https://www.ruitersport-levade.nl/product/kentucky-horsewear-polar-fleece-bandages-rood/,528
1234,,5407008890773,1,https://www.ruitersport-levade.nl/product/kentucky-horsewear-polar-fleece-bandages-fuchsia/,528
1234,,5407007533220,2,https://www.ruitersport-levade.nl/product/kentucky-horsewear-zadeldek-color-edition-leather-marine/,528
1234,,5407007533190,1,https://www.ruitersport-levade.nl/product/kentucky-horsewear-zadeldek-color-edition-leather-koraal/,528
1234,,5407007533206,1,https://www.ruitersport-levade.nl/product/kentucky-horsewear-zadeldek-color-edition-leather-munt/,528
1234,,5407008890902,1,https://www.ruitersport-levade.nl/product/kentucky-horsewear-zadeldek-velvet-pearls-dressage-zwart/,528
1234,,5407008890926,1,https://www.ruitersport-levade.nl/product/kentucky-horsewear-zadeldek-velvet-pearls-dressage-marine/,528
1234,,5407008890940,3,https://www.ruitersport-levade.nl/product/kentucky-horsewear-zadeldek-velvet-pearls-dressage-soft-rose/,528
1234,,5407008890933,1,https://www.ruitersport-levade.nl/product/kentucky-horsewear-zadeldek-velvet-pearls-dressage-dennengroen/,528
1234,,5407008890919,1,https://www.ruitersport-levade.nl/product/kentucky-horsewear-zadeldek-velvet-pearls-dressage-beige/,528
1234,,5407007533213,0,https://www.ruitersport-levade.nl/product/kentucky-horsewear-zadeldek-color-edition-leather-olijfgroen/,528
1234,,5407008890742,2,https://www.ruitersport-levade.nl/product/kentucky-horsewear-zadeldek-basic-velvet-dressage-oranje/,528
1234,,5407008890766,2,https://www.ruitersport-levade.nl/product/kentucky-horsewear-zadeldek-basic-velvet-dressage-fuchsia/,528
1234,,2500000395819,2,https://www.ruitersport-levade.nl/product/kentucky-horsewear-tack-box/,528
1234,,,,https://www.ruitersport-levade.nl/product/kentucky-horsewear-skin-friendly-150g/,528
1234,,,1,https://www.ruitersport-levade.nl/product/kentucky-horsewear-skin-friendly-150g/?attribute_pa_dekens-maat=6-3-190,528
1234,,,2,https://www.ruitersport-levade.nl/product/kentucky-horsewear-skin-friendly-150g/?attribute_pa_dekens-maat=6-6-198,528
1234,,,2,https://www.ruitersport-levade.nl/product/kentucky-horsewear-skin-friendly-150g/?attribute_pa_dekens-maat=6-9-206,528
1234,,,0,https://www.ruitersport-levade.nl/product/kentucky-horsewear-skin-friendly-150g/?attribute_pa_dekens-maat=7-0-213,528
1234,,5407007539253,0,https://www.ruitersport-levade.nl/product/kentucky-horsewear-grooming-deluxe-chestnut-boot-bag/,528
1234,,5407007539246,3,https://www.ruitersport-levade.nl/product/kentucky-horsewear-grooming-deluxe-chestnut-captas/,528
1234,,,,https://www.ruitersport-levade.nl/product/kentucky-horsewear-show-rug-velvet-160g-emerald/,528
1234,,5407008892203,1,https://www.ruitersport-levade.nl/product/kentucky-horsewear-show-rug-velvet-160g-emerald/?attribute_pa_kleur=klowie-da32ecab00cdd3a4cfccfe58a62338d64fbe94a2&attribute_pa_maat=klowie-2159a29c32f14c7ffd92d92af4310070aef0622f,528
1234,,5407008892210,2,https://www.ruitersport-levade.nl/product/kentucky-horsewear-show-rug-velvet-160g-emerald/?attribute_pa_kleur=klowie-da32ecab00cdd3a4cfccfe58a62338d64fbe94a2&attribute_pa_maat=klowie-75c41cf137a9a31823a6e465d81658ce9077457c,528
1234,,,0,https://www.ruitersport-levade.nl/product/kentucky-horsewear-show-rug-velvet-160g-emerald/?attribute_pa_dekens-maat=7-0-213,528
1234,,5407008892760,3,https://www.ruitersport-levade.nl/product/kentucky-horsewear-poetstas-marineblauw/,528
1234,,5407008892784,2,https://www.ruitersport-levade.nl/product/kentucky-horsewear-poetstas-grijs/,528
1234,,5407008892777,4,https://www.ruitersport-levade.nl/product/kentucky-horsewear-poetstas-zwart/,528
1234,,,,https://www.ruitersport-levade.nl/product/kentucky-horsewear-magnetic-rug-recuptex/,528
1234,,,0,https://www.ruitersport-levade.nl/product/kentucky-horsewear-magnetic-rug-recuptex/?attribute_pa_dekens-maat=5-9-175,528
1234,,,0,https://www.ruitersport-levade.nl/product/kentucky-horsewear-magnetic-rug-recuptex/?attribute_pa_dekens-maat=6-0-183,528
1234,,5425030834640,1,https://www.ruitersport-levade.nl/product/kentucky-horsewear-magnetic-rug-recuptex/?attribute_pa_dekens-maat=6-3-190,528
1234,,5407007530441,3,https://www.ruitersport-levade.nl/product/kentucky-horsewear-magnetic-rug-recuptex/?attribute_pa_dekens-maat=6-6-198,528
1234,,5407007530434,3,https://www.ruitersport-levade.nl/product/kentucky-horsewear-magnetic-rug-recuptex/?attribute_pa_dekens-maat=6-9-206,528
1234,,5407007530427,2,https://www.ruitersport-levade.nl/product/kentucky-horsewear-magnetic-rug-recuptex/?attribute_pa_dekens-maat=7-0-213,528
1234,,5407008892463,2,https://www.ruitersport-levade.nl/product/kentucky-horsewear-laarzentas-zwart/,528
1234,,5407008892449,1,https://www.ruitersport-levade.nl/product/kentucky-horsewear-captas-zwart/,528
1234,,5407008892456,-2,https://www.ruitersport-levade.nl/product/kentucky-horsewear-captas-grijs/,528
1234,,5407008892432,4,https://www.ruitersport-levade.nl/product/kentucky-horsewear-captas-marineblauw/,528
1234,,5407007539444,1,https://www.ruitersport-levade.nl/product/kentucky-horsewear-zadelonderlegger-impact-equalizer-10mm/,528
1234,,5407007539475,1,https://www.ruitersport-levade.nl/product/kentucky-horsewear-correctie-impact-18mm/,528
1234,,,,https://www.ruitersport-levade.nl/product/kentucky-horsewer-parels-halster-goud/,528
1234,,5407008893293,1,https://www.ruitersport-levade.nl/product/kentucky-horsewer-parels-halster-goud/?attribute_pa_halster-maat=cob,528
1234,,5407008893309,2,https://www.ruitersport-levade.nl/product/kentucky-horsewer-parels-halster-goud/?attribute_pa_halster-maat=full,528
1234,,,,https://www.ruitersport-levade.nl/product/kentucky-horsewear-parels-halster-zilver/,528
1234,,5407008893286,1,https://www.ruitersport-levade.nl/product/kentucky-horsewear-parels-halster-zilver/?attribute_pa_halster-maat=cob,528
1234,,,,https://www.ruitersport-levade.nl/product/kentucky-horsewear-onderdeken-100grams/,528
1234,,,0,https://www.ruitersport-levade.nl/product/kentucky-horsewear-onderdeken-100grams/?attribute_pa_dekens-maat=6-0-183,528
1234,,5407008890483,1,https://www.ruitersport-levade.nl/product/kentucky-horsewear-onderdeken-100grams/?attribute_pa_maat=klowie-03c10c50990743199cc887aaacd3f88a0a0a026e,528
1234,,5407008890490,1,https://www.ruitersport-levade.nl/product/kentucky-horsewear-onderdeken-100grams/?attribute_pa_maat=klowie-2159a29c32f14c7ffd92d92af4310070aef0622f,528
1234,,5407008890506,2,https://www.ruitersport-levade.nl/product/kentucky-horsewear-onderdeken-100grams/?attribute_pa_maat=klowie-75c41cf137a9a31823a6e465d81658ce9077457c,528
1234,,,0,https://www.ruitersport-levade.nl/product/kentucky-horsewear-onderdeken-100grams/?attribute_pa_dekens-maat=7-0-213,528
1234,,,,https://www.ruitersport-levade.nl/product/kentucky-horsewear-staldeken-200grams-marineblauw/,528
1234,,,0,https://www.ruitersport-levade.nl/product/kentucky-horsewear-staldeken-200grams-marineblauw/?attribute_pa_dekens-maat=6-0-183,528
1234,,,0,https://www.ruitersport-levade.nl/product/kentucky-horsewear-staldeken-200grams-marineblauw/?attribute_pa_dekens-maat=6-3-190,528
1234,,5407007539741,2,https://www.ruitersport-levade.nl/product/kentucky-horsewear-staldeken-200grams-marineblauw/?attribute_pa_kleur=klowie-c8dbb1c32945b0be493b7fcbf636aa98b3928768&attribute_pa_maat=klowie-2159a29c32f14c7ffd92d92af4310070aef0622f,528
1234,,5407007539758,1,https://www.ruitersport-levade.nl/product/kentucky-horsewear-staldeken-200grams-marineblauw/?attribute_pa_kleur=klowie-c8dbb1c32945b0be493b7fcbf636aa98b3928768&attribute_pa_maat=klowie-75c41cf137a9a31823a6e465d81658ce9077457c,528
1234,,,,https://www.ruitersport-levade.nl/product/kentucky-horsewear-staldeken-200grams-marineblauw/?attribute_pa_dekens-maat=7-0-213,528
1234,,,,https://www.ruitersport-levade.nl/product/kentucky-horsewear-staldeken-400grams-marineblauw/,528
1234,,,0,https://www.ruitersport-levade.nl/product/kentucky-horsewear-staldeken-400grams-marineblauw/?attribute_pa_dekens-maat=6-0-183,528
1234,,,0,https://www.ruitersport-levade.nl/product/kentucky-horsewear-staldeken-400grams-marineblauw/?attribute_pa_dekens-maat=6-3-190,528
1234,,5425030833766,2,https://www.ruitersport-levade.nl/product/kentucky-horsewear-staldeken-400grams-marineblauw/?attribute_pa_kleur=klowie-0229e960cf4cd5f02b4ed9299c09b7880b2ffdaf&attribute_pa_maat=klowie-2159a29c32f14c7ffd92d92af4310070aef0622f,528
1234,,5425030833773,2,https://www.ruitersport-levade.nl/product/kentucky-horsewear-staldeken-400grams-marineblauw/?attribute_pa_kleur=klowie-0229e960cf4cd5f02b4ed9299c09b7880b2ffdaf&attribute_pa_maat=klowie-75c41cf137a9a31823a6e465d81658ce9077457c,528
1234,,,0,https://www.ruitersport-levade.nl/product/kentucky-horsewear-staldeken-400grams-marineblauw/?attribute_pa_dekens-maat=7-0-213,528
1234,,5407008892333,4,https://www.ruitersport-levade.nl/product/kentucky-horsewear-polar-fleece-badages-velvet-pearls-beige/,528
1234,,5407008892319,4,https://www.ruitersport-levade.nl/product/kentucky-horsewear-polar-fleece-badages-velvet-pearls-zachte-roos/,528
1234,,5407008892326,4,https://www.ruitersport-levade.nl/product/kentucky-horsewear-polar-fleece-badages-velvet-pearls-dennengroen/,528
1234,,5407008892296,2,https://www.ruitersport-levade.nl/product/kentucky-horsewear-polar-fleece-badages-velvet-pearls-marine/,528
1234,,5407008892302,2,https://www.ruitersport-levade.nl/product/kentucky-horsewear-polar-fleece-badages-velvet-pearls-zwart/,528
1234,,,,https://www.ruitersport-levade.nl/product/kentucky-horsewear-neck-all-weather-150g-navy/,528
1234,,,2,https://www.ruitersport-levade.nl/product/kentucky-horsewear-neck-all-weather-150g-navy/?attribute_pa_dekens-maat=large,528
1234,,,0,https://www.ruitersport-levade.nl/product/kentucky-horsewear-neck-all-weather-150g-navy/?attribute_pa_dekens-maat=medium,528
1234,,,7,https://www.ruitersport-levade.nl/product/kentucky-horsewear-neck-all-weather-150g-navy/?attribute_pa_dekens-maat=xl,528
1234,,,,https://www.ruitersport-levade.nl/product/kentucky-horsewear-zweetdeken-show-fleece-heavy-zwart/,528
1234,,,0,https://www.ruitersport-levade.nl/product/kentucky-horsewear-zweetdeken-show-fleece-heavy-zwart/?attribute_pa_dekens-maat=6-3-190,528
1234,,5407008894832,1,https://www.ruitersport-levade.nl/product/kentucky-horsewear-zweetdeken-show-fleece-heavy-zwart/?attribute_pa_dekens-maat=6-6-198,528
1234,,5407008894856,1,https://www.ruitersport-levade.nl/product/kentucky-horsewear-zweetdeken-show-fleece-heavy-zwart/?attribute_pa_dekens-maat=6-9-206,528
1234,,,0,https://www.ruitersport-levade.nl/product/kentucky-horsewear-zweetdeken-show-fleece-heavy-zwart/?attribute_pa_dekens-maat=7-0-213,528
1234,,,,https://www.ruitersport-levade.nl/product/kentucky-horsewear-uitrijdeken-heavy-fleece-dark-grey/,528
1234,,,1,https://www.ruitersport-levade.nl/product/kentucky-horsewear-uitrijdeken-heavy-fleece-dark-grey/?attribute_pa_dekenmaat=l,528
1234,,,0,https://www.ruitersport-levade.nl/product/kentucky-horsewear-uitrijdeken-heavy-fleece-dark-grey/?attribute_pa_dekenmaat=m,528
1234,,,,https://www.ruitersport-levade.nl/product/kentucky-horsewear-uitrijdeken-heavy-fleece-dark-bordeaux/,528
1234,,,1,https://www.ruitersport-levade.nl/product/kentucky-horsewear-uitrijdeken-heavy-fleece-dark-bordeaux/?attribute_pa_dekenmaat=l,528
1234,,,0,https://www.ruitersport-levade.nl/product/kentucky-horsewear-uitrijdeken-heavy-fleece-dark-bordeaux/?attribute_pa_dekenmaat=m,528
1234,,,,https://www.ruitersport-levade.nl/product/kentucky-horsewear-uitrijdeken-heavy-fleece-dark-marineblauw/,528
1234,,,1,https://www.ruitersport-levade.nl/product/kentucky-horsewear-uitrijdeken-heavy-fleece-dark-marineblauw/?attribute_pa_dekenmaat=l,528
1234,,,0,https://www.ruitersport-levade.nl/product/kentucky-horsewear-uitrijdeken-heavy-fleece-dark-marineblauw/?attribute_pa_dekenmaat=m,528
1234,,,,https://www.ruitersport-levade.nl/product/kentucky-horsewear-uitrijdeken-heavy-fleece-dark-dennengroen/,528
1234,,,0,https://www.ruitersport-levade.nl/product/kentucky-horsewear-uitrijdeken-heavy-fleece-dark-dennengroen/?attribute_pa_dekenmaat=l,528
1234,,,0,https://www.ruitersport-levade.nl/product/kentucky-horsewear-uitrijdeken-heavy-fleece-dark-dennengroen/?attribute_pa_dekenmaat=m,528
1234,,,,https://www.ruitersport-levade.nl/product/kentucky-horsewear-velvet-halster-oude-roos/,528
1234,,5407008893705,2,https://www.ruitersport-levade.nl/product/kentucky-horsewear-velvet-halster-oude-roos/?attribute_pa_maat=klowie-d8990ee18b30041b1fc3634a7b2204eac482c0fc&attribute_pa_kleur=klowie-54076359fdc7f1f0e000b9ae15b96f8b09866acb,528
1234,,,,https://www.ruitersport-levade.nl/product/kentucky-horsewear-velvet-halster-emerald/,528
1234,,,2,https://www.ruitersport-levade.nl/product/kentucky-horsewear-velvet-halster-emerald/?attribute_pa_halster-maat=cob,528
1234,,,,https://www.ruitersport-levade.nl/product/kentucky-horsewear-velvet-halster-mosterd/,528
1234,,,0,https://www.ruitersport-levade.nl/product/kentucky-horsewear-velvet-halster-mosterd/?attribute_pa_halster-maat=cob,528
1234,,,2,https://www.ruitersport-levade.nl/product/kentucky-horsewear-velvet-halster-mosterd/?attribute_pa_halster-maat=full,528
1234,,,,https://www.ruitersport-levade.nl/product/kentucky-horsewear-velvet-halster-zwart/,528
1234,,,0,https://www.ruitersport-levade.nl/product/kentucky-horsewear-velvet-halster-zwart/?attribute_pa_halster-maat=cob,528
1234,,,3,https://www.ruitersport-levade.nl/product/kentucky-horsewear-velvet-halster-zwart/?attribute_pa_halster-maat=full,528
1234,,5407008893491,1,https://www.ruitersport-levade.nl/product/kentucky-horesewear-lead-rope-basic-mosterd/,528
1234,,5407008893484,2,https://www.ruitersport-levade.nl/product/kentucky-horesewear-lead-rope-basic-emerald/,528
1234,,5407008893507,2,https://www.ruitersport-levade.nl/product/kentucky-horesewear-lead-rope-basic-oude-roos/,528
1234,,,,https://www.ruitersport-levade.nl/product/kentucky-saddle-pad-fishbone-dr/,528
1234,,5407007533169,3,https://www.ruitersport-levade.nl/product/kentucky-saddle-pad-fishbone-dr/?attribute_pa_kleur=klowie-ec7cf4a15e9610978d0bf9ff93be45c7dda6d5c8,528
1234,,,,https://www.ruitersport-levade.nl/product/kentucky-leather-chain-lead-270cm/,528
1234,,5407008893781,5,https://www.ruitersport-levade.nl/product/kentucky-leather-chain-lead-270cm/?attribute_pa_kleur=klowie-cbfb3cb785c436531a6c26daf568a1c8b49fba71,528
1234,,2500000410147,1,https://www.ruitersport-levade.nl/product/kentucky-leather-chain-lead-270cm/?attribute_pa_kleur=klowie-282ec83c72fd9c225697f2e5d9a8988d0a2dcc78,528
1234,,5407008893514,6,https://www.ruitersport-levade.nl/product/kentucky-hoof-pick-small/,528
1234,,5425030837610,1,https://www.ruitersport-levade.nl/product/kentucky-relax-horse-toy-pony-natural/,528
1234,,,,https://www.ruitersport-levade.nl/product/kentucky-saddle-pad-classic-dressage/,528
1234,,2500000414091,2,https://www.ruitersport-levade.nl/product/kentucky-saddle-pad-classic-dressage/?attribute_pa_kleur=klowie-cbfb3cb785c436531a6c26daf568a1c8b49fba71&attribute_pa_maat=klowie-10b28a8c1e445017f5c61e4266d4b7ad9e9a3748,528
1234,,2500000414107,1,https://www.ruitersport-levade.nl/product/kentucky-saddle-pad-classic-dressage/?attribute_pa_kleur=klowie-fa489e17071fe4ad847c2b6ce0bae84aec63c208&attribute_pa_maat=klowie-10b28a8c1e445017f5c61e4266d4b7ad9e9a3748,528
1234,,2500000414114,2,https://www.ruitersport-levade.nl/product/kentucky-saddle-pad-classic-dressage/?attribute_pa_kleur=klowie-dd5e24415dde5e4bd641afde9a397d58beefa71d&attribute_pa_maat=klowie-10b28a8c1e445017f5c61e4266d4b7ad9e9a3748,528
1234,,2500000414121,3,https://www.ruitersport-levade.nl/product/kentucky-saddle-pad-classic-dressage/?attribute_pa_kleur=klowie-360e674001116a0f1be3705c65a72906bcf6bf88&attribute_pa_maat=klowie-10b28a8c1e445017f5c61e4266d4b7ad9e9a3748,528
1234,,5407008893606,2,https://www.ruitersport-levade.nl/product/kentucky-saddle-pad-classic-dressage/?attribute_pa_kleur=klowie-cbfb3cb785c436531a6c26daf568a1c8b49fba71&attribute_pa_maat=klowie-10b28a8c1e445017f5c61e4266d4b7ad9e9a3748,528
1234,,5407008893583,1,https://www.ruitersport-levade.nl/product/kentucky-saddle-pad-classic-dressage/?attribute_pa_kleur=klowie-fa489e17071fe4ad847c2b6ce0bae84aec63c208&attribute_pa_maat=klowie-10b28a8c1e445017f5c61e4266d4b7ad9e9a3748,528
1234,,5407008893590,2,https://www.ruitersport-levade.nl/product/kentucky-saddle-pad-classic-dressage/?attribute_pa_kleur=klowie-dd5e24415dde5e4bd641afde9a397d58beefa71d&attribute_pa_maat=klowie-10b28a8c1e445017f5c61e4266d4b7ad9e9a3748,528
1234,,5407008893576,3,https://www.ruitersport-levade.nl/product/kentucky-saddle-pad-classic-dressage/?attribute_pa_kleur=klowie-360e674001116a0f1be3705c65a72906bcf6bf88&attribute_pa_maat=klowie-10b28a8c1e445017f5c61e4266d4b7ad9e9a3748,528
1234,,,,https://www.ruitersport-levade.nl/product/kentucky-neck-all-weather-hurricane-0gr/,528
1234,,2500000411885,,https://www.ruitersport-levade.nl/product/kentucky-neck-all-weather-hurricane-0gr/?attribute_pa_kleur=klowie-0229e960cf4cd5f02b4ed9299c09b7880b2ffdaf&attribute_pa_maat=klowie-c63ae6dd4fc9f9dda66970e827d13f7c73fe841c,528
1234,,5407008891190,1,https://www.ruitersport-levade.nl/product/kentucky-neck-all-weather-hurricane-0gr/?attribute_pa_kleur=klowie-0229e960cf4cd5f02b4ed9299c09b7880b2ffdaf&attribute_pa_maat=klowie-d160e0986aca4714714a16f29ec605af90be704d,528
1234,,2500000411908,,https://www.ruitersport-levade.nl/product/kentucky-neck-all-weather-hurricane-0gr/?attribute_pa_kleur=klowie-0229e960cf4cd5f02b4ed9299c09b7880b2ffdaf&attribute_pa_maat=klowie-a2f9d0d16d02a20ef369e6029d9e5929c3d70d3e,528
1234,,,,https://www.ruitersport-levade.nl/product/kentucky-turnout-all-weather-hurricane-0-gr/,528
1234,,5407007539789,,https://www.ruitersport-levade.nl/product/kentucky-turnout-all-weather-hurricane-0-gr/?attribute_pa_kleur=klowie-0229e960cf4cd5f02b4ed9299c09b7880b2ffdaf&attribute_pa_maat=klowie-2159a29c32f14c7ffd92d92af4310070aef0622f,528
1234,,2500000414824,0,https://www.ruitersport-levade.nl/product/kentucky-turnout-all-weather-hurricane-0-gr/?attribute_pa_kleur=klowie-0229e960cf4cd5f02b4ed9299c09b7880b2ffdaf&attribute_pa_maat=klowie-75c41cf137a9a31823a6e465d81658ce9077457c,528
1234,,5407008893620,2,https://www.ruitersport-levade.nl/product/kentucky-saddle-pad-classic-dressage/?attribute_pa_kleur=klowie-ec7cf4a15e9610978d0bf9ff93be45c7dda6d5c8&attribute_pa_maat=klowie-10b28a8c1e445017f5c61e4266d4b7ad9e9a3748,528
1234,,5407008893613,3,https://www.ruitersport-levade.nl/product/kentucky-saddle-pad-classic-dressage/?attribute_pa_kleur=klowie-0229e960cf4cd5f02b4ed9299c09b7880b2ffdaf&attribute_pa_maat=klowie-10b28a8c1e445017f5c61e4266d4b7ad9e9a3748,528
1234,,,,https://www.ruitersport-levade.nl/product/kentucky-waterproof-combo-fly-rug-classic/,528
1234,,5407008894443,3,https://www.ruitersport-levade.nl/product/kentucky-waterproof-combo-fly-rug-classic/?attribute_pa_kleur=klowie-0229e960cf4cd5f02b4ed9299c09b7880b2ffdaf&attribute_pa_maat=klowie-2159a29c32f14c7ffd92d92af4310070aef0622f,528
1234,,5407008894450,3,https://www.ruitersport-levade.nl/product/kentucky-waterproof-combo-fly-rug-classic/?attribute_pa_kleur=klowie-0229e960cf4cd5f02b4ed9299c09b7880b2ffdaf&attribute_pa_maat=klowie-75c41cf137a9a31823a6e465d81658ce9077457c,528
1234,,5407008894436,1,https://www.ruitersport-levade.nl/product/kentucky-waterproof-combo-fly-rug-classic/?attribute_pa_kleur=klowie-0229e960cf4cd5f02b4ed9299c09b7880b2ffdaf&attribute_pa_maat=klowie-03c10c50990743199cc887aaacd3f88a0a0a026e,528
1234,,5407008894467,1,https://www.ruitersport-levade.nl/product/kentucky-waterproof-combo-fly-rug-classic/?attribute_pa_kleur=klowie-0229e960cf4cd5f02b4ed9299c09b7880b2ffdaf&attribute_pa_maat=7-0,528
1234,,5407007539819,1,https://www.ruitersport-levade.nl/product/kentucky-turnout-all-weather-hurricane-0-gr/?attribute_pa_kleur=klowie-0229e960cf4cd5f02b4ed9299c09b7880b2ffdaf&attribute_pa_maat=klowie-75c41cf137a9a31823a6e465d81658ce9077457c,528
1234,,,,https://www.ruitersport-levade.nl/product/kentucky-saddle-pad-fishbone-dr-competition/,528
1234,,5407008893835,7,https://www.ruitersport-levade.nl/product/kentucky-saddle-pad-fishbone-dr-competition/?attribute_pa_kleur=klowie-ec7cf4a15e9610978d0bf9ff93be45c7dda6d5c8&attribute_pa_maat=klowie-94d4084d6cb3cee016c00ee28e4a715d12a741cc,528
1234,,,,https://www.ruitersport-levade.nl/product/kentucky-saddle-pad-velvet-dressage-bordeaux/,528
1234,,5407008895471,4,https://www.ruitersport-levade.nl/product/kentucky-saddle-pad-velvet-dressage-bordeaux/?attribute_pa_kleur=klowie-360e674001116a0f1be3705c65a72906bcf6bf88&attribute_pa_maat=klowie-94d4084d6cb3cee016c00ee28e4a715d12a741cc,528
1234,,,,https://www.ruitersport-levade.nl/product/kentucky-saddle-pad-basic-velvet-jumping/,528
1234,,5407007539505,2,https://www.ruitersport-levade.nl/product/kentucky-saddle-pad-basic-velvet-jumping/?attribute_pa_kleur=klowie-0229e960cf4cd5f02b4ed9299c09b7880b2ffdaf&attribute_pa_maat=klowie-6592c93e02beea5c60e465d6df3b6167cbee5b22,528
1234,,5407007539512,1,https://www.ruitersport-levade.nl/product/kentucky-saddle-pad-basic-velvet-jumping/?attribute_pa_kleur=klowie-fa489e17071fe4ad847c2b6ce0bae84aec63c208&attribute_pa_maat=klowie-6592c93e02beea5c60e465d6df3b6167cbee5b22,528
1234,,5407007539659,1,https://www.ruitersport-levade.nl/product/kentucky-saddle-pad-basic-velvet-jumping/?attribute_pa_kleur=klowie-dd5e24415dde5e4bd641afde9a397d58beefa71d&attribute_pa_maat=klowie-6592c93e02beea5c60e465d6df3b6167cbee5b22,528
1234,,5407007539666,4,https://www.ruitersport-levade.nl/product/kentucky-saddle-pad-basic-velvet-jumping/?attribute_pa_kleur=klowie-cbfb3cb785c436531a6c26daf568a1c8b49fba71&attribute_pa_maat=klowie-6592c93e02beea5c60e465d6df3b6167cbee5b22,528
1234,,,,https://www.ruitersport-levade.nl/product/kentucky-turnout-rug-all-weather-waterproof-classic-0gr/,528
1234,,5407007533701,3,https://www.ruitersport-levade.nl/product/kentucky-turnout-rug-all-weather-waterproof-classic-0gr/?attribute_pa_kleur=klowie-c8dbb1c32945b0be493b7fcbf636aa98b3928768&attribute_pa_maat=klowie-2159a29c32f14c7ffd92d92af4310070aef0622f,528
1234,,5407008892128,1,https://www.ruitersport-levade.nl/product/kentucky-horsewear-show-rug-velvet-160g-emerald/?attribute_pa_kleur=klowie-54076359fdc7f1f0e000b9ae15b96f8b09866acb&attribute_pa_maat=klowie-2159a29c32f14c7ffd92d92af4310070aef0622f,528
1234,,,,https://www.ruitersport-levade.nl/product/kentucky-mesh-combo-cooler-sheet/,528
1234,,5407007538652,2,https://www.ruitersport-levade.nl/product/kentucky-mesh-combo-cooler-sheet/?attribute_pa_kleur=klowie-0229e960cf4cd5f02b4ed9299c09b7880b2ffdaf&attribute_pa_maat=klowie-2159a29c32f14c7ffd92d92af4310070aef0622f,528
1234,,5407007538669,3,https://www.ruitersport-levade.nl/product/kentucky-mesh-combo-cooler-sheet/?attribute_pa_kleur=klowie-0229e960cf4cd5f02b4ed9299c09b7880b2ffdaf&attribute_pa_maat=klowie-75c41cf137a9a31823a6e465d81658ce9077457c,528
1234,,5407007538676,1,https://www.ruitersport-levade.nl/product/kentucky-mesh-combo-cooler-sheet/?attribute_pa_kleur=klowie-0229e960cf4cd5f02b4ed9299c09b7880b2ffdaf&attribute_pa_maat=7-0,528
1234,,,,https://www.ruitersport-levade.nl/product/kentucky-horsewear-polar-fleece-bandages-bordeaux/,528
1234,,5407008895525,3,https://www.ruitersport-levade.nl/product/kentucky-horsewear-polar-fleece-bandages-bordeaux/?attribute_pa_kleur=klowie-360e674001116a0f1be3705c65a72906bcf6bf88&attribute_pa_maat=klowie-baf9163c78dd8116a60fbf7361b8e002704e20ef,528
1234,,,0,https://www.ruitersport-levade.nl/product/kentucky-horsewear-showdeken-dark-green/?attribute_pa_dekens-maat=6-3-190,528
1234,,,0,https://www.ruitersport-levade.nl/product/kentucky-horsewear-showdeken-dark-green/?attribute_pa_dekens-maat=6-6-198,528
1234,,,0,https://www.ruitersport-levade.nl/product/kentucky-horsewear-showdeken-dark-green/?attribute_pa_dekens-maat=6-9-206,528
1234,,,1,https://www.ruitersport-levade.nl/product/kentucky-horsewear-showdeken-dark-green/?attribute_pa_dekens-maat=7-0-213,528
1234,,,,https://www.ruitersport-levade.nl/product/kentucky-horsewear-turnout-rug-all-weather-pro-160g-groen-grijs/,528
1234,,,1,https://www.ruitersport-levade.nl/product/kentucky-horsewear-turnout-rug-all-weather-pro-160g-groen-grijs/?attribute_pa_dekenmaat=6-3190cm,528
1234,,,0,https://www.ruitersport-levade.nl/product/kentucky-horsewear-turnout-rug-all-weather-pro-160g-groen-grijs/?attribute_pa_dekenmaat=6-6198cm,528
1234,,,0,https://www.ruitersport-levade.nl/product/kentucky-horsewear-turnout-rug-all-weather-pro-160g-groen-grijs/?attribute_pa_dekenmaat=6-9206cm,528
1234,,,,https://www.ruitersport-levade.nl/product/kentucky-show-rug-160gr/,528
1234,,2500000401268,,https://www.ruitersport-levade.nl/product/kentucky-show-rug-160gr/?attribute_pa_kleur=klowie-cbfb3cb785c436531a6c26daf568a1c8b49fba71&attribute_pa_maat=klowie-03c10c50990743199cc887aaacd3f88a0a0a026e,528
1234,,2500000401275,,https://www.ruitersport-levade.nl/product/kentucky-show-rug-160gr/?attribute_pa_kleur=klowie-0229e960cf4cd5f02b4ed9299c09b7880b2ffdaf&attribute_pa_maat=klowie-03c10c50990743199cc887aaacd3f88a0a0a026e,528
1234,,2500000401282,1,https://www.ruitersport-levade.nl/product/kentucky-show-rug-160gr/?attribute_pa_kleur=klowie-cbfb3cb785c436531a6c26daf568a1c8b49fba71&attribute_pa_maat=klowie-2159a29c32f14c7ffd92d92af4310070aef0622f,528
1234,,2500000401299,1,https://www.ruitersport-levade.nl/product/kentucky-show-rug-160gr/?attribute_pa_kleur=klowie-0229e960cf4cd5f02b4ed9299c09b7880b2ffdaf&attribute_pa_maat=klowie-2159a29c32f14c7ffd92d92af4310070aef0622f,528
1234,,2500000401305,1,https://www.ruitersport-levade.nl/product/kentucky-show-rug-160gr/?attribute_pa_kleur=klowie-cbfb3cb785c436531a6c26daf568a1c8b49fba71&attribute_pa_maat=klowie-75c41cf137a9a31823a6e465d81658ce9077457c,528
1234,,2500000401312,1,https://www.ruitersport-levade.nl/product/kentucky-show-rug-160gr/?attribute_pa_kleur=klowie-0229e960cf4cd5f02b4ed9299c09b7880b2ffdaf&attribute_pa_maat=klowie-75c41cf137a9a31823a6e465d81658ce9077457c,528
1234,,2500000401329,,https://www.ruitersport-levade.nl/product/kentucky-show-rug-160gr/?attribute_pa_kleur=klowie-cbfb3cb785c436531a6c26daf568a1c8b49fba71&attribute_pa_maat=7-0,528
1234,,2500000401336,,https://www.ruitersport-levade.nl/product/kentucky-show-rug-160gr/?attribute_pa_kleur=klowie-0229e960cf4cd5f02b4ed9299c09b7880b2ffdaf&attribute_pa_maat=7-0,528
1234,,2500000401343,,https://www.ruitersport-levade.nl/product/kentucky-show-rug-160gr/?attribute_pa_kleur=klowie-cbfb3cb785c436531a6c26daf568a1c8b49fba71&attribute_pa_maat=klowie-f96c51c3d98f021d42ee8c458ed421add6b4adde,528
1234,,5407008891626,,https://www.ruitersport-levade.nl/product/kentucky-show-rug-160gr/?attribute_pa_kleur=klowie-0229e960cf4cd5f02b4ed9299c09b7880b2ffdaf&attribute_pa_maat=klowie-f96c51c3d98f021d42ee8c458ed421add6b4adde,528
1234,,2500000411830,,https://www.ruitersport-levade.nl/product/kentucky-show-rug-160gr/?attribute_pa_kleur=klowie-ee2d8f27946aed494d0242d248875e5f639c7338&attribute_pa_maat=klowie-03c10c50990743199cc887aaacd3f88a0a0a026e,528
1234,,2500000411847,,https://www.ruitersport-levade.nl/product/kentucky-show-rug-160gr/?attribute_pa_kleur=klowie-ee2d8f27946aed494d0242d248875e5f639c7338&attribute_pa_maat=klowie-2159a29c32f14c7ffd92d92af4310070aef0622f,528
1234,,2500000411854,,https://www.ruitersport-levade.nl/product/kentucky-show-rug-160gr/?attribute_pa_kleur=klowie-ee2d8f27946aed494d0242d248875e5f639c7338&attribute_pa_maat=klowie-75c41cf137a9a31823a6e465d81658ce9077457c,528
1234,,5407007533787,1,https://www.ruitersport-levade.nl/product/kentucky-show-rug-160gr/?attribute_pa_kleur=klowie-ee2d8f27946aed494d0242d248875e5f639c7338&attribute_pa_maat=7-0,528
1234,,2500000411878,,https://www.ruitersport-levade.nl/product/kentucky-show-rug-160gr/?attribute_pa_kleur=klowie-ee2d8f27946aed494d0242d248875e5f639c7338&attribute_pa_maat=klowie-f96c51c3d98f021d42ee8c458ed421add6b4adde,528
1234,,2500000422508,1,https://www.ruitersport-levade.nl/product/kentucky-show-rug-160gr/?attribute_pa_kleur=klowie-282ec83c72fd9c225697f2e5d9a8988d0a2dcc78&attribute_pa_maat=klowie-03c10c50990743199cc887aaacd3f88a0a0a026e,528
1234,,2500000422515,1,https://www.ruitersport-levade.nl/product/kentucky-show-rug-160gr/?attribute_pa_kleur=klowie-282ec83c72fd9c225697f2e5d9a8988d0a2dcc78&attribute_pa_maat=klowie-2159a29c32f14c7ffd92d92af4310070aef0622f,528
1234,,2500000422522,1,https://www.ruitersport-levade.nl/product/kentucky-show-rug-160gr/?attribute_pa_kleur=klowie-282ec83c72fd9c225697f2e5d9a8988d0a2dcc78&attribute_pa_maat=klowie-75c41cf137a9a31823a6e465d81658ce9077457c,528
1234,,2500000422539,0,https://www.ruitersport-levade.nl/product/kentucky-show-rug-160gr/?attribute_pa_kleur=klowie-282ec83c72fd9c225697f2e5d9a8988d0a2dcc78&attribute_pa_maat=7-0,528
1234,,2500000422546,,https://www.ruitersport-levade.nl/product/kentucky-show-rug-160gr/?attribute_pa_kleur=klowie-282ec83c72fd9c225697f2e5d9a8988d0a2dcc78&attribute_pa_maat=klowie-f96c51c3d98f021d42ee8c458ed421add6b4adde,528
1234,,5407008894054,1,https://www.ruitersport-levade.nl/product/kentucky-show-rug-160gr/?attribute_pa_kleur=klowie-282ec83c72fd9c225697f2e5d9a8988d0a2dcc78&attribute_pa_maat=klowie-03c10c50990743199cc887aaacd3f88a0a0a026e,528
1234,,5407008894085,1,https://www.ruitersport-levade.nl/product/kentucky-show-rug-160gr/?attribute_pa_kleur=klowie-282ec83c72fd9c225697f2e5d9a8988d0a2dcc78&attribute_pa_maat=7-0,528
1234,,,,https://www.ruitersport-levade.nl/product/kentucky-neck-all-weather-150gr/,528
1234,,5425030835753,7,https://www.ruitersport-levade.nl/product/kentucky-neck-all-weather-150gr/?attribute_pa_kleur=klowie-0229e960cf4cd5f02b4ed9299c09b7880b2ffdaf&attribute_pa_maat=klowie-a2f9d0d16d02a20ef369e6029d9e5929c3d70d3e,528
1234,,2500000406447,0,https://www.ruitersport-levade.nl/product/kentucky-neck-all-weather-150gr/?attribute_pa_kleur=klowie-0229e960cf4cd5f02b4ed9299c09b7880b2ffdaf&attribute_pa_maat=klowie-a2f9d0d16d02a20ef369e6029d9e5929c3d70d3e,528
1234,,5407008894559,2,https://www.ruitersport-levade.nl/product/kentucky-neck-all-weather-150gr/?attribute_pa_kleur=klowie-282ec83c72fd9c225697f2e5d9a8988d0a2dcc78&attribute_pa_maat=klowie-d160e0986aca4714714a16f29ec605af90be704d,528
1234,,5407008894566,2,https://www.ruitersport-levade.nl/product/kentucky-neck-all-weather-150gr/?attribute_pa_kleur=klowie-282ec83c72fd9c225697f2e5d9a8988d0a2dcc78&attribute_pa_maat=klowie-a2f9d0d16d02a20ef369e6029d9e5929c3d70d3e,528
1234,,,,https://www.ruitersport-levade.nl/product/kentucky-horsewear-travel-boots/,528
1234,,5407008893651,3,https://www.ruitersport-levade.nl/product/kentucky-horsewear-travel-boots/?attribute_pa_kleur=klowie-0229e960cf4cd5f02b4ed9299c09b7880b2ffdaf&attribute_pa_maat=klowie-10b28a8c1e445017f5c61e4266d4b7ad9e9a3748,528
1234,,2500000409851,1,https://www.ruitersport-levade.nl/product/kentucky-horsewear-show-rug-velvet-160g-emerald/?attribute_pa_kleur=klowie-ee2d8f27946aed494d0242d248875e5f639c7338&attribute_pa_maat=6-0,528
1234,,2500000409868,,https://www.ruitersport-levade.nl/product/kentucky-horsewear-show-rug-velvet-160g-emerald/?attribute_pa_kleur=klowie-54076359fdc7f1f0e000b9ae15b96f8b09866acb&attribute_pa_maat=6-0,528
1234,,2500000409875,,https://www.ruitersport-levade.nl/product/kentucky-horsewear-show-rug-velvet-160g-emerald/?attribute_pa_kleur=klowie-3fa8803cde487d943381d948f43e620768db8ee1&attribute_pa_maat=6-0,528
1234,,2500000409882,,https://www.ruitersport-levade.nl/product/kentucky-horsewear-show-rug-velvet-160g-emerald/?attribute_pa_kleur=klowie-0229e960cf4cd5f02b4ed9299c09b7880b2ffdaf&attribute_pa_maat=6-0,528
1234,,2500000409899,,https://www.ruitersport-levade.nl/product/kentucky-horsewear-show-rug-velvet-160g-emerald/?attribute_pa_kleur=klowie-ee2d8f27946aed494d0242d248875e5f639c7338&attribute_pa_maat=klowie-03c10c50990743199cc887aaacd3f88a0a0a026e,528
1234,,2500000409905,,https://www.ruitersport-levade.nl/product/kentucky-horsewear-show-rug-velvet-160g-emerald/?attribute_pa_kleur=klowie-54076359fdc7f1f0e000b9ae15b96f8b09866acb&attribute_pa_maat=klowie-03c10c50990743199cc887aaacd3f88a0a0a026e,528
1234,,2500000409912,,https://www.ruitersport-levade.nl/product/kentucky-horsewear-show-rug-velvet-160g-emerald/?attribute_pa_kleur=klowie-3fa8803cde487d943381d948f43e620768db8ee1&attribute_pa_maat=klowie-03c10c50990743199cc887aaacd3f88a0a0a026e,528
1234,,2500000409929,,https://www.ruitersport-levade.nl/product/kentucky-horsewear-show-rug-velvet-160g-emerald/?attribute_pa_kleur=klowie-0229e960cf4cd5f02b4ed9299c09b7880b2ffdaf&attribute_pa_maat=klowie-03c10c50990743199cc887aaacd3f88a0a0a026e,528
1234,,5407008895761,1,https://www.ruitersport-levade.nl/product/kentucky-horsewear-show-rug-velvet-160g-emerald/?attribute_pa_kleur=klowie-360e674001116a0f1be3705c65a72906bcf6bf88&attribute_pa_maat=klowie-2159a29c32f14c7ffd92d92af4310070aef0622f,528
1234,,5407008895778,1,https://www.ruitersport-levade.nl/product/kentucky-horsewear-show-rug-velvet-160g-emerald/?attribute_pa_kleur=klowie-360e674001116a0f1be3705c65a72906bcf6bf88&attribute_pa_maat=klowie-75c41cf137a9a31823a6e465d81658ce9077457c,528
1234,,2500000424441,,https://www.ruitersport-levade.nl/product/kentucky-horsewear-show-rug-velvet-160g-emerald/?attribute_pa_kleur=klowie-360e674001116a0f1be3705c65a72906bcf6bf88&attribute_pa_maat=6-0,528
1234,,2500000424458,,https://www.ruitersport-levade.nl/product/kentucky-horsewear-show-rug-velvet-160g-emerald/?attribute_pa_kleur=klowie-360e674001116a0f1be3705c65a72906bcf6bf88&attribute_pa_maat=klowie-03c10c50990743199cc887aaacd3f88a0a0a026e,528
1234,,2500000424465,,https://www.ruitersport-levade.nl/product/kentucky-horsewear-show-rug-velvet-160g-emerald/?attribute_pa_kleur=klowie-ee2d8f27946aed494d0242d248875e5f639c7338&attribute_pa_maat=7-0,528
1234,,2500000424472,,https://www.ruitersport-levade.nl/product/kentucky-horsewear-show-rug-velvet-160g-emerald/?attribute_pa_kleur=klowie-54076359fdc7f1f0e000b9ae15b96f8b09866acb&attribute_pa_maat=7-0,528
1234,,2500000424489,,https://www.ruitersport-levade.nl/product/kentucky-horsewear-show-rug-velvet-160g-emerald/?attribute_pa_kleur=klowie-3fa8803cde487d943381d948f43e620768db8ee1&attribute_pa_maat=7-0,528
1234,,2500000424496,,https://www.ruitersport-levade.nl/product/kentucky-horsewear-show-rug-velvet-160g-emerald/?attribute_pa_kleur=klowie-0229e960cf4cd5f02b4ed9299c09b7880b2ffdaf&attribute_pa_maat=7-0,528
1234,,5407008895785,1,https://www.ruitersport-levade.nl/product/kentucky-horsewear-show-rug-velvet-160g-emerald/?attribute_pa_kleur=klowie-360e674001116a0f1be3705c65a72906bcf6bf88&attribute_pa_maat=7-0,528
1234,,,,https://www.ruitersport-levade.nl/product/kentucky-fly-veil-wellington-big-stone-pearl/,528
1234,,5407008896430,1,https://www.ruitersport-levade.nl/product/kentucky-fly-veil-wellington-big-stone-pearl/?attribute_pa_kleur=klowie-cbfb3cb785c436531a6c26daf568a1c8b49fba71&attribute_pa_maat=klowie-10b28a8c1e445017f5c61e4266d4b7ad9e9a3748,528
1234,,5407008896447,1,https://www.ruitersport-levade.nl/product/kentucky-fly-veil-wellington-big-stone-pearl/?attribute_pa_kleur=klowie-0229e960cf4cd5f02b4ed9299c09b7880b2ffdaf&attribute_pa_maat=klowie-10b28a8c1e445017f5c61e4266d4b7ad9e9a3748,528
1234,,,,https://www.ruitersport-levade.nl/product/kentucky-horsewear-stable-rug-400gr/,528
1234,,2500000406454,,https://www.ruitersport-levade.nl/product/kentucky-horsewear-stable-rug-400gr/?attribute_pa_kleur=klowie-0229e960cf4cd5f02b4ed9299c09b7880b2ffdaf&attribute_pa_maat=klowie-03c10c50990743199cc887aaacd3f88a0a0a026e,528
1234,,2500000406485,,https://www.ruitersport-levade.nl/product/kentucky-horsewear-stable-rug-400gr/?attribute_pa_kleur=klowie-0229e960cf4cd5f02b4ed9299c09b7880b2ffdaf&attribute_pa_maat=7-0,528
1234,,5407008891633,1,https://www.ruitersport-levade.nl/product/kentucky-horsewear-stable-rug-400gr/?attribute_pa_kleur=klowie-0229e960cf4cd5f02b4ed9299c09b7880b2ffdaf&attribute_pa_maat=klowie-f96c51c3d98f021d42ee8c458ed421add6b4adde,528
1234,,2500000424533,,https://www.ruitersport-levade.nl/product/kentucky-horsewear-stable-rug-400gr/?attribute_pa_kleur=klowie-cbfb3cb785c436531a6c26daf568a1c8b49fba71&attribute_pa_maat=klowie-03c10c50990743199cc887aaacd3f88a0a0a026e,528
1234,,5425030838907,2,https://www.ruitersport-levade.nl/product/kentucky-horsewear-stable-rug-400gr/?attribute_pa_kleur=klowie-cbfb3cb785c436531a6c26daf568a1c8b49fba71&attribute_pa_maat=klowie-2159a29c32f14c7ffd92d92af4310070aef0622f,528
1234,,5425030838914,1,https://www.ruitersport-levade.nl/product/kentucky-horsewear-stable-rug-400gr/?attribute_pa_kleur=klowie-cbfb3cb785c436531a6c26daf568a1c8b49fba71&attribute_pa_maat=klowie-75c41cf137a9a31823a6e465d81658ce9077457c,528
1234,,2500000424564,,https://www.ruitersport-levade.nl/product/kentucky-horsewear-stable-rug-400gr/?attribute_pa_kleur=klowie-cbfb3cb785c436531a6c26daf568a1c8b49fba71&attribute_pa_maat=7-0,528
1234,,2500000424571,,https://www.ruitersport-levade.nl/product/kentucky-horsewear-stable-rug-400gr/?attribute_pa_kleur=klowie-cbfb3cb785c436531a6c26daf568a1c8b49fba71&attribute_pa_maat=klowie-f96c51c3d98f021d42ee8c458ed421add6b4adde,528
1234,,,,https://www.ruitersport-levade.nl/product/kentucky-horsewear-fleece-show-rug-heavy/,528
1234,,2500000400117,,https://www.ruitersport-levade.nl/product/kentucky-horsewear-fleece-show-rug-heavy/?attribute_pa_kleur=klowie-cbfb3cb785c436531a6c26daf568a1c8b49fba71&attribute_pa_maat=6-0,528
1234,,2500000400124,,https://www.ruitersport-levade.nl/product/kentucky-horsewear-fleece-show-rug-heavy/?attribute_pa_kleur=klowie-cbfb3cb785c436531a6c26daf568a1c8b49fba71&attribute_pa_maat=klowie-03c10c50990743199cc887aaacd3f88a0a0a026e,528
1234,,5407008892524,1,https://www.ruitersport-levade.nl/product/kentucky-horsewear-fleece-show-rug-heavy/?attribute_pa_kleur=klowie-cbfb3cb785c436531a6c26daf568a1c8b49fba71&attribute_pa_maat=klowie-2159a29c32f14c7ffd92d92af4310070aef0622f,528
1234,,5407008892531,1,https://www.ruitersport-levade.nl/product/kentucky-horsewear-fleece-show-rug-heavy/?attribute_pa_kleur=klowie-cbfb3cb785c436531a6c26daf568a1c8b49fba71&attribute_pa_maat=klowie-75c41cf137a9a31823a6e465d81658ce9077457c,528
1234,,2500000400155,,https://www.ruitersport-levade.nl/product/kentucky-horsewear-fleece-show-rug-heavy/?attribute_pa_kleur=klowie-cbfb3cb785c436531a6c26daf568a1c8b49fba71&attribute_pa_maat=7-0,528
1234,,2500000424588,,https://www.ruitersport-levade.nl/product/kentucky-horsewear-fleece-show-rug-heavy/?attribute_pa_kleur=klowie-0229e960cf4cd5f02b4ed9299c09b7880b2ffdaf&attribute_pa_maat=6-0,528
1234,,2500000424595,,https://www.ruitersport-levade.nl/product/kentucky-horsewear-fleece-show-rug-heavy/?attribute_pa_kleur=klowie-0229e960cf4cd5f02b4ed9299c09b7880b2ffdaf&attribute_pa_maat=klowie-03c10c50990743199cc887aaacd3f88a0a0a026e,528
1234,,5425030839317,,https://www.ruitersport-levade.nl/product/kentucky-horsewear-fleece-show-rug-heavy/?attribute_pa_kleur=klowie-0229e960cf4cd5f02b4ed9299c09b7880b2ffdaf&attribute_pa_maat=klowie-2159a29c32f14c7ffd92d92af4310070aef0622f,528
1234,,5425030839324,2,https://www.ruitersport-levade.nl/product/kentucky-horsewear-fleece-show-rug-heavy/?attribute_pa_kleur=klowie-0229e960cf4cd5f02b4ed9299c09b7880b2ffdaf&attribute_pa_maat=klowie-75c41cf137a9a31823a6e465d81658ce9077457c,528
1234,,2500000424625,,https://www.ruitersport-levade.nl/product/kentucky-horsewear-fleece-show-rug-heavy/?attribute_pa_kleur=klowie-0229e960cf4cd5f02b4ed9299c09b7880b2ffdaf&attribute_pa_maat=7-0,528
1234,,2500000424632,,https://www.ruitersport-levade.nl/product/kentucky-horsewear-fleece-show-rug-heavy/?attribute_pa_kleur=klowie-a81afefd2e85798d4f7550a98bc5702d47ebc2b4&attribute_pa_maat=6-0,528
1234,,2500000424649,,https://www.ruitersport-levade.nl/product/kentucky-horsewear-fleece-show-rug-heavy/?attribute_pa_kleur=klowie-a81afefd2e85798d4f7550a98bc5702d47ebc2b4&attribute_pa_maat=klowie-03c10c50990743199cc887aaacd3f88a0a0a026e,528
1234,,2500000424656,,https://www.ruitersport-levade.nl/product/kentucky-horsewear-fleece-show-rug-heavy/?attribute_pa_kleur=klowie-a81afefd2e85798d4f7550a98bc5702d47ebc2b4&attribute_pa_maat=klowie-2159a29c32f14c7ffd92d92af4310070aef0622f,528
1234,,2500000424670,,https://www.ruitersport-levade.nl/product/kentucky-horsewear-fleece-show-rug-heavy/?attribute_pa_kleur=klowie-a81afefd2e85798d4f7550a98bc5702d47ebc2b4&attribute_pa_maat=7-0,528
1234,,2500000424687,,https://www.ruitersport-levade.nl/product/kentucky-horsewear-fleece-show-rug-heavy/?attribute_pa_kleur=klowie-360e674001116a0f1be3705c65a72906bcf6bf88&attribute_pa_maat=6-0,528
1234,,2500000424694,,https://www.ruitersport-levade.nl/product/kentucky-horsewear-fleece-show-rug-heavy/?attribute_pa_kleur=klowie-360e674001116a0f1be3705c65a72906bcf6bf88&attribute_pa_maat=klowie-03c10c50990743199cc887aaacd3f88a0a0a026e,528
1234,,2500000424700,,https://www.ruitersport-levade.nl/product/kentucky-horsewear-fleece-show-rug-heavy/?attribute_pa_kleur=klowie-360e674001116a0f1be3705c65a72906bcf6bf88&attribute_pa_maat=klowie-2159a29c32f14c7ffd92d92af4310070aef0622f,528
1234,,2500000424717,2,https://www.ruitersport-levade.nl/product/kentucky-horsewear-fleece-show-rug-heavy/?attribute_pa_kleur=klowie-360e674001116a0f1be3705c65a72906bcf6bf88&attribute_pa_maat=klowie-75c41cf137a9a31823a6e465d81658ce9077457c,528
1234,,2500000424731,,https://www.ruitersport-levade.nl/product/kentucky-horsewear-fleece-show-rug-heavy/?attribute_pa_kleur=klowie-ee2d8f27946aed494d0242d248875e5f639c7338&attribute_pa_maat=6-0,528
1234,,2500000424748,,https://www.ruitersport-levade.nl/product/kentucky-horsewear-fleece-show-rug-heavy/?attribute_pa_kleur=klowie-ee2d8f27946aed494d0242d248875e5f639c7338&attribute_pa_maat=klowie-03c10c50990743199cc887aaacd3f88a0a0a026e,528
1234,,5407007533695,1,https://www.ruitersport-levade.nl/product/kentucky-turnout-rug-all-weather-waterproof-classic-0gr/?attribute_pa_kleur=klowie-c8dbb1c32945b0be493b7fcbf636aa98b3928768&attribute_pa_maat=klowie-03c10c50990743199cc887aaacd3f88a0a0a026e,528
1234,,5407007533718,0,https://www.ruitersport-levade.nl/product/kentucky-turnout-rug-all-weather-waterproof-classic-0gr/?attribute_pa_kleur=klowie-c8dbb1c32945b0be493b7fcbf636aa98b3928768&attribute_pa_maat=klowie-75c41cf137a9a31823a6e465d81658ce9077457c,528
1234,,5407007533725,1,https://www.ruitersport-levade.nl/product/kentucky-turnout-rug-all-weather-waterproof-classic-0gr/?attribute_pa_kleur=klowie-c8dbb1c32945b0be493b7fcbf636aa98b3928768&attribute_pa_maat=7-0,528
1234,,,,https://www.ruitersport-levade.nl/product/kentucky-horsewear-neck-classic/,528
1234,,2500000424861,1,https://www.ruitersport-levade.nl/product/kentucky-horsewear-neck-classic/?attribute_pa_kleur=klowie-0229e960cf4cd5f02b4ed9299c09b7880b2ffdaf&attribute_pa_maat=klowie-738fd1d2452fc31a236c5ad511bfcc46b324365e,528
1234,,5407007533909,1,https://www.ruitersport-levade.nl/product/kentucky-horsewear-neck-classic/?attribute_pa_kleur=klowie-0229e960cf4cd5f02b4ed9299c09b7880b2ffdaf&attribute_pa_maat=klowie-05128f46d8c802547143ecf50596c589323e8f1e,528
1234,,,,https://www.ruitersport-levade.nl/product/kentucky-horsewear-under-rug-skin-friendly-150-gr/,528
1234,,5407007534647,2,https://www.ruitersport-levade.nl/product/kentucky-horsewear-under-rug-skin-friendly-150-gr/?attribute_pa_kleur=klowie-0229e960cf4cd5f02b4ed9299c09b7880b2ffdaf&attribute_pa_maat=klowie-03c10c50990743199cc887aaacd3f88a0a0a026e,528
1234,,5407007534654,,https://www.ruitersport-levade.nl/product/kentucky-horsewear-under-rug-skin-friendly-150-gr/?attribute_pa_kleur=klowie-0229e960cf4cd5f02b4ed9299c09b7880b2ffdaf&attribute_pa_maat=klowie-2159a29c32f14c7ffd92d92af4310070aef0622f,528
1234,,5407007534661,1,https://www.ruitersport-levade.nl/product/kentucky-horsewear-under-rug-skin-friendly-150-gr/?attribute_pa_kleur=klowie-0229e960cf4cd5f02b4ed9299c09b7880b2ffdaf&attribute_pa_maat=klowie-75c41cf137a9a31823a6e465d81658ce9077457c,528
1234,,2500000424915,,https://www.ruitersport-levade.nl/product/kentucky-horsewear-under-rug-skin-friendly-150-gr/?attribute_pa_kleur=klowie-0229e960cf4cd5f02b4ed9299c09b7880b2ffdaf&attribute_pa_maat=7-0,528
1234,,5407008891640,1,https://www.ruitersport-levade.nl/product/kentucky-horsewear-under-rug-skin-friendly-150-gr/?attribute_pa_kleur=klowie-0229e960cf4cd5f02b4ed9299c09b7880b2ffdaf&attribute_pa_maat=klowie-f96c51c3d98f021d42ee8c458ed421add6b4adde,528
1234,,,,https://www.ruitersport-levade.nl/product/kentucky-horsewear-heavy-fleece-horse-scarf/,528
1234,,5407008895013,0,https://www.ruitersport-levade.nl/product/kentucky-horsewear-heavy-fleece-horse-scarf/?attribute_pa_kleur=klowie-cbfb3cb785c436531a6c26daf568a1c8b49fba71&attribute_pa_maat=klowie-10b28a8c1e445017f5c61e4266d4b7ad9e9a3748,528
1234,,5407007532926,1,https://www.ruitersport-levade.nl/product/kentucky-horsewear-heavy-fleece-horse-scarf/?attribute_pa_kleur=klowie-0229e960cf4cd5f02b4ed9299c09b7880b2ffdaf&attribute_pa_maat=klowie-10b28a8c1e445017f5c61e4266d4b7ad9e9a3748,528
1234,,5425030835746,3,https://www.ruitersport-levade.nl/product/kentucky-neck-all-weather-150gr/?attribute_pa_kleur=klowie-0229e960cf4cd5f02b4ed9299c09b7880b2ffdaf&attribute_pa_maat=klowie-d160e0986aca4714714a16f29ec605af90be704d,528
1234,,,,https://www.ruitersport-levade.nl/product/kentucky-horsewear-under-rug-classic-200gr/,528
1234,,5407008890537,1,https://www.ruitersport-levade.nl/product/kentucky-horsewear-under-rug-classic-200gr/?attribute_pa_maat=klowie-03c10c50990743199cc887aaacd3f88a0a0a026e,528
1234,,5407008890544,2,https://www.ruitersport-levade.nl/product/kentucky-horsewear-under-rug-classic-200gr/?attribute_pa_maat=klowie-2159a29c32f14c7ffd92d92af4310070aef0622f,528
1234,,5407008890551,2,https://www.ruitersport-levade.nl/product/kentucky-horsewear-under-rug-classic-200gr/?attribute_pa_maat=klowie-75c41cf137a9a31823a6e465d81658ce9077457c,528
1234,,,,https://www.ruitersport-levade.nl/product/kentucky-horsewear-under-rug-classic-300gr/,528
1234,,2500000425028,,https://www.ruitersport-levade.nl/product/kentucky-horsewear-under-rug-classic-300gr/?attribute_pa_kleur=klowie-0229e960cf4cd5f02b4ed9299c09b7880b2ffdaf&attribute_pa_maat=klowie-03c10c50990743199cc887aaacd3f88a0a0a026e,528
1234,,540708890599,1,https://www.ruitersport-levade.nl/product/kentucky-horsewear-under-rug-classic-300gr/?attribute_pa_kleur=klowie-0229e960cf4cd5f02b4ed9299c09b7880b2ffdaf&attribute_pa_maat=klowie-2159a29c32f14c7ffd92d92af4310070aef0622f,528
1234,,5407008890605,1,https://www.ruitersport-levade.nl/product/kentucky-horsewear-under-rug-classic-300gr/?attribute_pa_kleur=klowie-0229e960cf4cd5f02b4ed9299c09b7880b2ffdaf&attribute_pa_maat=klowie-75c41cf137a9a31823a6e465d81658ce9077457c,528
1234,,2500000425059,,https://www.ruitersport-levade.nl/product/kentucky-horsewear-under-rug-classic-300gr/?attribute_pa_kleur=klowie-0229e960cf4cd5f02b4ed9299c09b7880b2ffdaf&attribute_pa_maat=7-0,528
1234,,,,https://www.ruitersport-levade.nl/product/kentucky-horsewear-riding-rug-heavy-fleece/,528
1234,,5407007532988,1,https://www.ruitersport-levade.nl/product/kentucky-horsewear-riding-rug-heavy-fleece/?attribute_pa_kleur=klowie-ee2d8f27946aed494d0242d248875e5f639c7338&attribute_pa_maat=klowie-d160e0986aca4714714a16f29ec605af90be704d,528
1234,,5407007533008,1,https://www.ruitersport-levade.nl/product/kentucky-horsewear-riding-rug-heavy-fleece/?attribute_pa_kleur=klowie-fa489e17071fe4ad847c2b6ce0bae84aec63c208&attribute_pa_maat=klowie-d160e0986aca4714714a16f29ec605af90be704d,528
1234,,5407007532964,1,https://www.ruitersport-levade.nl/product/kentucky-horsewear-riding-rug-heavy-fleece/?attribute_pa_kleur=klowie-360e674001116a0f1be3705c65a72906bcf6bf88&attribute_pa_maat=klowie-d160e0986aca4714714a16f29ec605af90be704d,528
1234,,5407007532933,2,https://www.ruitersport-levade.nl/product/kentucky-horsewear-riding-rug-heavy-fleece/?attribute_pa_kleur=klowie-0229e960cf4cd5f02b4ed9299c09b7880b2ffdaf&attribute_pa_maat=klowie-d160e0986aca4714714a16f29ec605af90be704d,528
1234,,5407007533985,5,https://www.ruitersport-levade.nl/product/kentucky-horsewear-riding-rug-heavy-fleece/?attribute_pa_kleur=klowie-a81afefd2e85798d4f7550a98bc5702d47ebc2b4&attribute_pa_maat=klowie-d160e0986aca4714714a16f29ec605af90be704d,528
1234,,,,https://www.ruitersport-levade.nl/product/kentucky-horsewear-neck-all-weather-waterproof-pro-0gr/,528
1234,,2500000411915,,https://www.ruitersport-levade.nl/product/kentucky-horsewear-neck-all-weather-waterproof-pro-0gr/?attribute_pa_kleur=klowie-0229e960cf4cd5f02b4ed9299c09b7880b2ffdaf&attribute_pa_maat=klowie-c63ae6dd4fc9f9dda66970e827d13f7c73fe841c,528
1234,,5407008892685,2,https://www.ruitersport-levade.nl/product/kentucky-horsewear-neck-all-weather-waterproof-pro-0gr/?attribute_pa_kleur=klowie-0229e960cf4cd5f02b4ed9299c09b7880b2ffdaf&attribute_pa_maat=klowie-d160e0986aca4714714a16f29ec605af90be704d,528
1234,,5407008892692,2,https://www.ruitersport-levade.nl/product/kentucky-horsewear-neck-all-weather-waterproof-pro-0gr/?attribute_pa_kleur=klowie-0229e960cf4cd5f02b4ed9299c09b7880b2ffdaf&attribute_pa_maat=klowie-a2f9d0d16d02a20ef369e6029d9e5929c3d70d3e,528
1234,,5407007533893,1,https://www.ruitersport-levade.nl/product/kentucky-horsewear-neck-classic/?attribute_pa_kleur=klowie-0229e960cf4cd5f02b4ed9299c09b7880b2ffdaf&attribute_pa_maat=klowie-738fd1d2452fc31a236c5ad511bfcc46b324365e,528
1234,,,,https://www.ruitersport-levade.nl/product/kentucky-horsewear-turnout-rug-all-weather-waterproof-pro-300gr/,528
1234,,5425030835241,1,https://www.ruitersport-levade.nl/product/kentucky-horsewear-turnout-rug-all-weather-waterproof-pro-300gr/?attribute_pa_kleur=klowie-0229e960cf4cd5f02b4ed9299c09b7880b2ffdaf&attribute_pa_maat=klowie-03c10c50990743199cc887aaacd3f88a0a0a026e,528
1234,,5425030835258,2,https://www.ruitersport-levade.nl/product/kentucky-horsewear-turnout-rug-all-weather-waterproof-pro-300gr/?attribute_pa_kleur=klowie-0229e960cf4cd5f02b4ed9299c09b7880b2ffdaf&attribute_pa_maat=klowie-2159a29c32f14c7ffd92d92af4310070aef0622f,528
1234,,5425030835265,1,https://www.ruitersport-levade.nl/product/kentucky-horsewear-turnout-rug-all-weather-waterproof-pro-300gr/?attribute_pa_kleur=klowie-0229e960cf4cd5f02b4ed9299c09b7880b2ffdaf&attribute_pa_maat=klowie-75c41cf137a9a31823a6e465d81658ce9077457c,528
1234,,5425030835272,1,https://www.ruitersport-levade.nl/product/kentucky-horsewear-turnout-rug-all-weather-waterproof-pro-300gr/?attribute_pa_kleur=klowie-0229e960cf4cd5f02b4ed9299c09b7880b2ffdaf&attribute_pa_maat=7-0,528
1234,,,,https://www.ruitersport-levade.nl/product/kentucky-skin-friendly-saddle-pad-velvet-dressage/,528
1234,,2500000425479,1,https://www.ruitersport-levade.nl/product/kentucky-skin-friendly-saddle-pad-velvet-dressage/?attribute_pa_kleur=klowie-cbfb3cb785c436531a6c26daf568a1c8b49fba71&attribute_pa_maat=klowie-94d4084d6cb3cee016c00ee28e4a715d12a741cc,528
1234,,5407008896744,1,https://www.ruitersport-levade.nl/product/kentucky-skin-friendly-saddle-pad-velvet-dressage/?attribute_pa_kleur=klowie-0229e960cf4cd5f02b4ed9299c09b7880b2ffdaf&attribute_pa_maat=klowie-94d4084d6cb3cee016c00ee28e4a715d12a741cc,528
1234,,5407008896751,0,https://www.ruitersport-levade.nl/product/kentucky-skin-friendly-saddle-pad-velvet-dressage/?attribute_pa_kleur=klowie-ee2d8f27946aed494d0242d248875e5f639c7338&attribute_pa_maat=klowie-94d4084d6cb3cee016c00ee28e4a715d12a741cc,528
1234,,5407008896737,1,https://www.ruitersport-levade.nl/product/kentucky-skin-friendly-saddle-pad-velvet-dressage/?attribute_pa_kleur=klowie-dd5e24415dde5e4bd641afde9a397d58beefa71d&attribute_pa_maat=klowie-94d4084d6cb3cee016c00ee28e4a715d12a741cc,528
1234,,,,https://www.ruitersport-levade.nl/product/kentucky-horsewear-moonboots-air-x/,528
1234,,5407008895198,3,https://www.ruitersport-levade.nl/product/kentucky-horsewear-moonboots-air-x/?attribute_pa_kleur=klowie-cbfb3cb785c436531a6c26daf568a1c8b49fba71&attribute_pa_maat=klowie-d404968ea90b07f16774ce75c7978d6ff60962f2,528
1234,,5407008895181,1,https://www.ruitersport-levade.nl/product/kentucky-horsewear-moonboots-air-x/?attribute_pa_kleur=klowie-282ec83c72fd9c225697f2e5d9a8988d0a2dcc78&attribute_pa_maat=klowie-d404968ea90b07f16774ce75c7978d6ff60962f2,528
1234,,,,https://www.ruitersport-levade.nl/product/kentucky-horsewear-tendon-boots-bamboo-elastic/,528
1234,,5407008895112,2,https://www.ruitersport-levade.nl/product/kentucky-horsewear-tendon-boots-bamboo-elastic/?attribute_pa_kleur=klowie-cbfb3cb785c436531a6c26daf568a1c8b49fba71&attribute_pa_maat=klowie-d404968ea90b07f16774ce75c7978d6ff60962f2,528
1234,,5407008896485,1,https://www.ruitersport-levade.nl/product/kentucky-horsewear-tendon-boots-bamboo-elastic/?attribute_pa_kleur=klowie-cbfb3cb785c436531a6c26daf568a1c8b49fba71&attribute_pa_maat=klowie-738fd1d2452fc31a236c5ad511bfcc46b324365e,528
1234,,2500000426681,1,https://www.ruitersport-levade.nl/product/kentucky-horsewear-tendon-boots-bamboo-elastic/?attribute_pa_kleur=klowie-282ec83c72fd9c225697f2e5d9a8988d0a2dcc78&attribute_pa_maat=klowie-d404968ea90b07f16774ce75c7978d6ff60962f2,528
1234,,2500000426698,0,https://www.ruitersport-levade.nl/product/kentucky-horsewear-tendon-boots-bamboo-elastic/?attribute_pa_kleur=klowie-282ec83c72fd9c225697f2e5d9a8988d0a2dcc78&attribute_pa_maat=klowie-738fd1d2452fc31a236c5ad511bfcc46b324365e,528
1234,,,,https://www.ruitersport-levade.nl/product/kentucky-vegan-sheepskin-tendon-boots-bamboo-elastic/,528
1234,,5407008895136,1,https://www.ruitersport-levade.nl/product/kentucky-vegan-sheepskin-tendon-boots-bamboo-elastic/?attribute_pa_kleur=klowie-cbfb3cb785c436531a6c26daf568a1c8b49fba71&attribute_pa_maat=klowie-d404968ea90b07f16774ce75c7978d6ff60962f2,528
1234,,2500000426711,1,https://www.ruitersport-levade.nl/product/kentucky-vegan-sheepskin-tendon-boots-bamboo-elastic/?attribute_pa_kleur=klowie-282ec83c72fd9c225697f2e5d9a8988d0a2dcc78&attribute_pa_maat=klowie-d404968ea90b07f16774ce75c7978d6ff60962f2,528
1234,,5407008896539,1,https://www.ruitersport-levade.nl/product/kentucky-vegan-sheepskin-tendon-boots-bamboo-elastic/?attribute_pa_kleur=klowie-cbfb3cb785c436531a6c26daf568a1c8b49fba71&attribute_pa_maat=klowie-738fd1d2452fc31a236c5ad511bfcc46b324365e,528
1234,,2500000426735,0,https://www.ruitersport-levade.nl/product/kentucky-vegan-sheepskin-tendon-boots-bamboo-elastic/?attribute_pa_kleur=klowie-282ec83c72fd9c225697f2e5d9a8988d0a2dcc78&attribute_pa_maat=klowie-738fd1d2452fc31a236c5ad511bfcc46b324365e,528
1234,,,,https://www.ruitersport-levade.nl/product/kentucky-horsewear-fly-veil-wellington-big-stone-pearl-soundless/,528
1234,,5407008896461,1,https://www.ruitersport-levade.nl/product/kentucky-horsewear-fly-veil-wellington-big-stone-pearl-soundless/?attribute_pa_kleur=klowie-cbfb3cb785c436531a6c26daf568a1c8b49fba71&attribute_pa_maat=klowie-10b28a8c1e445017f5c61e4266d4b7ad9e9a3748,528
1234,,5407008896454,1,https://www.ruitersport-levade.nl/product/kentucky-horsewear-fly-veil-wellington-big-stone-pearl-soundless/?attribute_pa_kleur=klowie-0229e960cf4cd5f02b4ed9299c09b7880b2ffdaf&attribute_pa_maat=klowie-10b28a8c1e445017f5c61e4266d4b7ad9e9a3748,528
1234,,5407007533688,,https://www.ruitersport-levade.nl/product/kentucky-turnout-rug-all-weather-waterproof-classic-0gr/?attribute_pa_kleur=klowie-c8dbb1c32945b0be493b7fcbf636aa98b3928768&attribute_pa_maat=6-0,528
1234,,2500000428135,1,https://www.ruitersport-levade.nl/product/kentucky-horsewear-under-rug-skin-friendly-150-gr/?attribute_pa_kleur=klowie-cbfb3cb785c436531a6c26daf568a1c8b49fba71&attribute_pa_maat=klowie-03c10c50990743199cc887aaacd3f88a0a0a026e,528
1234,,2500000428142,,https://www.ruitersport-levade.nl/product/kentucky-horsewear-under-rug-skin-friendly-150-gr/?attribute_pa_kleur=klowie-cbfb3cb785c436531a6c26daf568a1c8b49fba71&attribute_pa_maat=klowie-2159a29c32f14c7ffd92d92af4310070aef0622f,528
1234,,2500000428159,,https://www.ruitersport-levade.nl/product/kentucky-horsewear-under-rug-skin-friendly-150-gr/?attribute_pa_kleur=klowie-cbfb3cb785c436531a6c26daf568a1c8b49fba71&attribute_pa_maat=klowie-75c41cf137a9a31823a6e465d81658ce9077457c,528
1234,,2500000428166,,https://www.ruitersport-levade.nl/product/kentucky-horsewear-under-rug-skin-friendly-150-gr/?attribute_pa_kleur=klowie-cbfb3cb785c436531a6c26daf568a1c8b49fba71&attribute_pa_maat=7-0,528
1234,,2500000428173,,https://www.ruitersport-levade.nl/product/kentucky-horsewear-under-rug-skin-friendly-150-gr/?attribute_pa_kleur=klowie-cbfb3cb785c436531a6c26daf568a1c8b49fba71&attribute_pa_maat=klowie-f96c51c3d98f021d42ee8c458ed421add6b4adde,528
1234,,5407008897147,2,https://www.ruitersport-levade.nl/product/kentucky-vegan-sheepskin-tendon-boots-bamboo-elastic/?attribute_pa_kleur=klowie-54076359fdc7f1f0e000b9ae15b96f8b09866acb&attribute_pa_maat=klowie-d404968ea90b07f16774ce75c7978d6ff60962f2,528
1234,,2500000429422,,https://www.ruitersport-levade.nl/product/kentucky-vegan-sheepskin-tendon-boots-bamboo-elastic/?attribute_pa_kleur=klowie-54076359fdc7f1f0e000b9ae15b96f8b09866acb&attribute_pa_maat=klowie-738fd1d2452fc31a236c5ad511bfcc46b324365e,528
1234,,5407008897130,2,https://www.ruitersport-levade.nl/product/kentucky-vegan-sheepskin-tendon-boots-bamboo-elastic/?attribute_pa_kleur=klowie-da32ecab00cdd3a4cfccfe58a62338d64fbe94a2&attribute_pa_maat=klowie-d404968ea90b07f16774ce75c7978d6ff60962f2,528
1234,,,,https://www.ruitersport-levade.nl/product/kentucky-horse-wear-young-fetlock-boots/,528
1234,,2500000429453,,https://www.ruitersport-levade.nl/product/kentucky-horse-wear-young-fetlock-boots/?attribute_pa_kleur=klowie-cbfb3cb785c436531a6c26daf568a1c8b49fba71&attribute_pa_maat=klowie-c74fd9714e38b26dbf7f58d75f93cfc977a05ba6,528
1234,,5407008897192,1,https://www.ruitersport-levade.nl/product/kentucky-horse-wear-young-fetlock-boots/?attribute_pa_kleur=klowie-da32ecab00cdd3a4cfccfe58a62338d64fbe94a2&attribute_pa_maat=klowie-c74fd9714e38b26dbf7f58d75f93cfc977a05ba6,528
1234,,5407008897208,1,https://www.ruitersport-levade.nl/product/kentucky-horse-wear-young-fetlock-boots/?attribute_pa_kleur=klowie-54076359fdc7f1f0e000b9ae15b96f8b09866acb&attribute_pa_maat=klowie-c74fd9714e38b26dbf7f58d75f93cfc977a05ba6,528
1234,,2500000429484,,https://www.ruitersport-levade.nl/product/kentucky-horse-wear-young-fetlock-boots/?attribute_pa_kleur=klowie-cbfb3cb785c436531a6c26daf568a1c8b49fba71&attribute_pa_maat=klowie-d404968ea90b07f16774ce75c7978d6ff60962f2,528
1234,,5407008897178,0,https://www.ruitersport-levade.nl/product/kentucky-horse-wear-young-fetlock-boots/?attribute_pa_kleur=klowie-da32ecab00cdd3a4cfccfe58a62338d64fbe94a2&attribute_pa_maat=klowie-d404968ea90b07f16774ce75c7978d6ff60962f2,528
1234,,5407008897185,0,https://www.ruitersport-levade.nl/product/kentucky-horse-wear-young-fetlock-boots/?attribute_pa_kleur=klowie-54076359fdc7f1f0e000b9ae15b96f8b09866acb&attribute_pa_maat=klowie-d404968ea90b07f16774ce75c7978d6ff60962f2,528
1234,,2500000429521,,https://www.ruitersport-levade.nl/product/kentucky-vegan-sheepskin-tendon-boots-bamboo-elastic/?attribute_pa_kleur=klowie-cbfb3cb785c436531a6c26daf568a1c8b49fba71&attribute_pa_maat=klowie-c74fd9714e38b26dbf7f58d75f93cfc977a05ba6,528
1234,,2500000429538,,https://www.ruitersport-levade.nl/product/kentucky-vegan-sheepskin-tendon-boots-bamboo-elastic/?attribute_pa_kleur=klowie-282ec83c72fd9c225697f2e5d9a8988d0a2dcc78&attribute_pa_maat=klowie-c74fd9714e38b26dbf7f58d75f93cfc977a05ba6,528
1234,,5407008897161,1,https://www.ruitersport-levade.nl/product/kentucky-vegan-sheepskin-tendon-boots-bamboo-elastic/?attribute_pa_kleur=klowie-54076359fdc7f1f0e000b9ae15b96f8b09866acb&attribute_pa_maat=klowie-c74fd9714e38b26dbf7f58d75f93cfc977a05ba6,528
1234,,2500000429552,0,https://www.ruitersport-levade.nl/product/kentucky-vegan-sheepskin-tendon-boots-bamboo-elastic/?attribute_pa_kleur=klowie-ee2d8f27946aed494d0242d248875e5f639c7338&attribute_pa_maat=klowie-c74fd9714e38b26dbf7f58d75f93cfc977a05ba6,528
1234,,5407008895129,1,https://www.ruitersport-levade.nl/product/kentucky-horsewear-tendon-boots-bamboo-elastic/?attribute_pa_kleur=klowie-282ec83c72fd9c225697f2e5d9a8988d0a2dcc78&attribute_pa_maat=klowie-d404968ea90b07f16774ce75c7978d6ff60962f2,528
1234,,5407008897116,2,https://www.ruitersport-levade.nl/product/kentucky-horsewear-tendon-boots-bamboo-elastic/?attribute_pa_kleur=klowie-da32ecab00cdd3a4cfccfe58a62338d64fbe94a2&attribute_pa_maat=klowie-d404968ea90b07f16774ce75c7978d6ff60962f2,528
1234,,5407008897123,2,https://www.ruitersport-levade.nl/product/kentucky-horsewear-tendon-boots-bamboo-elastic/?attribute_pa_kleur=klowie-54076359fdc7f1f0e000b9ae15b96f8b09866acb&attribute_pa_maat=klowie-d404968ea90b07f16774ce75c7978d6ff60962f2,528
1234,,2500000429590,,https://www.ruitersport-levade.nl/product/kentucky-horsewear-tendon-boots-bamboo-elastic/?attribute_pa_kleur=klowie-54076359fdc7f1f0e000b9ae15b96f8b09866acb&attribute_pa_maat=klowie-738fd1d2452fc31a236c5ad511bfcc46b324365e,528
1234,,2500000429606,,https://www.ruitersport-levade.nl/product/kentucky-horsewear-tendon-boots-bamboo-elastic/?attribute_pa_kleur=klowie-cbfb3cb785c436531a6c26daf568a1c8b49fba71&attribute_pa_maat=klowie-c74fd9714e38b26dbf7f58d75f93cfc977a05ba6,528
1234,,2500000429613,,https://www.ruitersport-levade.nl/product/kentucky-horsewear-tendon-boots-bamboo-elastic/?attribute_pa_kleur=klowie-282ec83c72fd9c225697f2e5d9a8988d0a2dcc78&attribute_pa_maat=klowie-c74fd9714e38b26dbf7f58d75f93cfc977a05ba6,528
1234,,5407008897093,1,https://www.ruitersport-levade.nl/product/kentucky-horsewear-tendon-boots-bamboo-elastic/?attribute_pa_kleur=klowie-da32ecab00cdd3a4cfccfe58a62338d64fbe94a2&attribute_pa_maat=klowie-c74fd9714e38b26dbf7f58d75f93cfc977a05ba6,528
1234,,5407008897109,1,https://www.ruitersport-levade.nl/product/kentucky-horsewear-tendon-boots-bamboo-elastic/?attribute_pa_kleur=klowie-54076359fdc7f1f0e000b9ae15b96f8b09866acb&attribute_pa_maat=klowie-c74fd9714e38b26dbf7f58d75f93cfc977a05ba6,528
1234,,5407008897154,1,https://www.ruitersport-levade.nl/product/kentucky-vegan-sheepskin-tendon-boots-bamboo-elastic/?attribute_pa_kleur=klowie-da32ecab00cdd3a4cfccfe58a62338d64fbe94a2&attribute_pa_maat=klowie-c74fd9714e38b26dbf7f58d75f93cfc977a05ba6,528
1234,,,,https://www.ruitersport-levade.nl/product/kentucky-horse-wear-vegan-sheepskin-young-horse-fetlock-boots/,528
1234,,5407008897239,1,https://www.ruitersport-levade.nl/product/kentucky-horse-wear-vegan-sheepskin-young-horse-fetlock-boots/?attribute_pa_kleur=klowie-da32ecab00cdd3a4cfccfe58a62338d64fbe94a2&attribute_pa_maat=klowie-c74fd9714e38b26dbf7f58d75f93cfc977a05ba6,528
1234,,5407008897246,1,https://www.ruitersport-levade.nl/product/kentucky-horse-wear-vegan-sheepskin-young-horse-fetlock-boots/?attribute_pa_kleur=klowie-54076359fdc7f1f0e000b9ae15b96f8b09866acb&attribute_pa_maat=klowie-c74fd9714e38b26dbf7f58d75f93cfc977a05ba6,528
1234,,5407008897215,2,https://www.ruitersport-levade.nl/product/kentucky-horse-wear-vegan-sheepskin-young-horse-fetlock-boots/?attribute_pa_kleur=klowie-da32ecab00cdd3a4cfccfe58a62338d64fbe94a2&attribute_pa_maat=klowie-d404968ea90b07f16774ce75c7978d6ff60962f2,528
1234,,5407008897222,1,https://www.ruitersport-levade.nl/product/kentucky-horse-wear-vegan-sheepskin-young-horse-fetlock-boots/?attribute_pa_kleur=klowie-54076359fdc7f1f0e000b9ae15b96f8b09866acb&attribute_pa_maat=klowie-d404968ea90b07f16774ce75c7978d6ff60962f2,528
1234,,5407008891916,,https://www.ruitersport-levade.nl/product/kentucky-horsewear-show-rug-velvet-160g-emerald/?attribute_pa_kleur=klowie-3fa8803cde487d943381d948f43e620768db8ee1&attribute_pa_maat=klowie-2159a29c32f14c7ffd92d92af4310070aef0622f,528
1234,,5407008892135,1,https://www.ruitersport-levade.nl/product/kentucky-horsewear-show-rug-velvet-160g-emerald/?attribute_pa_kleur=klowie-54076359fdc7f1f0e000b9ae15b96f8b09866acb&attribute_pa_maat=klowie-75c41cf137a9a31823a6e465d81658ce9077457c,528
1234,,5407008891923,1,https://www.ruitersport-levade.nl/product/kentucky-horsewear-show-rug-velvet-160g-emerald/?attribute_pa_kleur=klowie-3fa8803cde487d943381d948f43e620768db8ee1&attribute_pa_maat=klowie-75c41cf137a9a31823a6e465d81658ce9077457c,528
1234,,5407008892838,,https://www.ruitersport-levade.nl/product/kentucky-horsewear-show-rug-velvet-160g-emerald/?attribute_pa_kleur=klowie-0229e960cf4cd5f02b4ed9299c09b7880b2ffdaf&attribute_pa_maat=klowie-2159a29c32f14c7ffd92d92af4310070aef0622f,528
1234,,5407008892845,2,https://www.ruitersport-levade.nl/product/kentucky-horsewear-show-rug-velvet-160g-emerald/?attribute_pa_kleur=klowie-0229e960cf4cd5f02b4ed9299c09b7880b2ffdaf&attribute_pa_maat=klowie-75c41cf137a9a31823a6e465d81658ce9077457c,528
1234,,2500000429798,,https://www.ruitersport-levade.nl/product/kentucky-horsewear-show-rug-velvet-160g-emerald/?attribute_pa_kleur=klowie-da32ecab00cdd3a4cfccfe58a62338d64fbe94a2&attribute_pa_maat=6-0,528
1234,,2500000429804,,https://www.ruitersport-levade.nl/product/kentucky-horsewear-show-rug-velvet-160g-emerald/?attribute_pa_kleur=klowie-da32ecab00cdd3a4cfccfe58a62338d64fbe94a2&attribute_pa_maat=klowie-03c10c50990743199cc887aaacd3f88a0a0a026e,528
1234,,2500000429811,,https://www.ruitersport-levade.nl/product/kentucky-horsewear-show-rug-velvet-160g-emerald/?attribute_pa_kleur=klowie-da32ecab00cdd3a4cfccfe58a62338d64fbe94a2&attribute_pa_maat=7-0,528
1234,,5407007537914,1,https://www.ruitersport-levade.nl/product/kentucky-horsewear-polar-fleece-bandages-bordeaux/?attribute_pa_kleur=klowie-da32ecab00cdd3a4cfccfe58a62338d64fbe94a2&attribute_pa_maat=klowie-baf9163c78dd8116a60fbf7361b8e002704e20ef,528
1234,,2500000429866,,https://www.ruitersport-levade.nl/product/kentucky-horsewear-tendon-boots-bamboo-elastic/?attribute_pa_kleur=klowie-da32ecab00cdd3a4cfccfe58a62338d64fbe94a2&attribute_pa_maat=klowie-738fd1d2452fc31a236c5ad511bfcc46b324365e,528
1234,,2500000429897,,https://www.ruitersport-levade.nl/product/kentucky-vegan-sheepskin-tendon-boots-bamboo-elastic/?attribute_pa_kleur=klowie-da32ecab00cdd3a4cfccfe58a62338d64fbe94a2&attribute_pa_maat=klowie-738fd1d2452fc31a236c5ad511bfcc46b324365e,528
1234,,,,https://www.ruitersport-levade.nl/product/kentucky-horsewear-velvet-halster/,528
1234,,5407008893477,2,https://www.ruitersport-levade.nl/product/kentucky-horsewear-velvet-halster/?attribute_pa_kleur=klowie-54076359fdc7f1f0e000b9ae15b96f8b09866acb&attribute_pa_maat=klowie-10b28a8c1e445017f5c61e4266d4b7ad9e9a3748,528
1234,,5407008893408,2,https://www.ruitersport-levade.nl/product/kentucky-horsewear-velvet-halster/?attribute_pa_kleur=klowie-cbfb3cb785c436531a6c26daf568a1c8b49fba71&attribute_pa_maat=klowie-10b28a8c1e445017f5c61e4266d4b7ad9e9a3748,528
1234,,5407008893453,,https://www.ruitersport-levade.nl/product/kentucky-horsewear-velvet-halster/?attribute_pa_kleur=klowie-0229e960cf4cd5f02b4ed9299c09b7880b2ffdaf&attribute_pa_maat=klowie-10b28a8c1e445017f5c61e4266d4b7ad9e9a3748,528
1234,,5407008893460,1,https://www.ruitersport-levade.nl/product/kentucky-horsewear-velvet-halster/?attribute_pa_kleur=klowie-0229e960cf4cd5f02b4ed9299c09b7880b2ffdaf&attribute_pa_maat=klowie-d8990ee18b30041b1fc3634a7b2204eac482c0fc,528
1234,,5407008893446,1,https://www.ruitersport-levade.nl/product/kentucky-horsewear-velvet-halster/?attribute_pa_kleur=klowie-3fa8803cde487d943381d948f43e620768db8ee1&attribute_pa_maat=klowie-10b28a8c1e445017f5c61e4266d4b7ad9e9a3748,528
1234,,5407008896386,1,https://www.ruitersport-levade.nl/product/kentucky-horsewear-velvet-halster/?attribute_pa_kleur=klowie-360e674001116a0f1be3705c65a72906bcf6bf88&attribute_pa_maat=klowie-10b28a8c1e445017f5c61e4266d4b7ad9e9a3748,528
1234,,5407008896393,2,https://www.ruitersport-levade.nl/product/kentucky-horsewear-velvet-halster/?attribute_pa_kleur=klowie-360e674001116a0f1be3705c65a72906bcf6bf88&attribute_pa_maat=klowie-d8990ee18b30041b1fc3634a7b2204eac482c0fc,528
1234,,5407008893415,1,https://www.ruitersport-levade.nl/product/kentucky-horsewear-velvet-halster/?attribute_pa_kleur=klowie-da32ecab00cdd3a4cfccfe58a62338d64fbe94a2&attribute_pa_maat=klowie-10b28a8c1e445017f5c61e4266d4b7ad9e9a3748,528
1234,,5407008893422,1,https://www.ruitersport-levade.nl/product/kentucky-horsewear-velvet-halster/?attribute_pa_kleur=klowie-da32ecab00cdd3a4cfccfe58a62338d64fbe94a2&attribute_pa_maat=klowie-d8990ee18b30041b1fc3634a7b2204eac482c0fc,528
1234,,,,https://www.ruitersport-levade.nl/product/kentucky-horsewear-turnout-rug-all-weather-waterproof-pro-160gr/,528
1234,,5407007539994,1,https://www.ruitersport-levade.nl/product/kentucky-horsewear-turnout-rug-all-weather-waterproof-pro-160gr/?attribute_pa_kleur=klowie-0229e960cf4cd5f02b4ed9299c09b7880b2ffdaf&attribute_pa_maat=klowie-75c41cf137a9a31823a6e465d81658ce9077457c,528
1234,,2500000401237,,https://www.ruitersport-levade.nl/product/kentucky-horsewear-turnout-rug-all-weather-waterproof-pro-160gr/?attribute_pa_kleur=klowie-0229e960cf4cd5f02b4ed9299c09b7880b2ffdaf&attribute_pa_maat=klowie-03c10c50990743199cc887aaacd3f88a0a0a026e,528
1234,,5407007539987,3,https://www.ruitersport-levade.nl/product/kentucky-horsewear-turnout-rug-all-weather-waterproof-pro-160gr/?attribute_pa_kleur=klowie-0229e960cf4cd5f02b4ed9299c09b7880b2ffdaf&attribute_pa_maat=klowie-2159a29c32f14c7ffd92d92af4310070aef0622f,528
1234,,2500000401251,1,https://www.ruitersport-levade.nl/product/kentucky-horsewear-turnout-rug-all-weather-waterproof-pro-160gr/?attribute_pa_kleur=klowie-0229e960cf4cd5f02b4ed9299c09b7880b2ffdaf&attribute_pa_maat=7-0,528
1234,,5407008894511,1,https://www.ruitersport-levade.nl/product/kentucky-horsewear-turnout-rug-all-weather-waterproof-pro-160gr/?attribute_pa_kleur=klowie-282ec83c72fd9c225697f2e5d9a8988d0a2dcc78&attribute_pa_maat=klowie-75c41cf137a9a31823a6e465d81658ce9077457c,528
1234,,5407008894498,1,https://www.ruitersport-levade.nl/product/kentucky-horsewear-turnout-rug-all-weather-waterproof-pro-160gr/?attribute_pa_kleur=klowie-282ec83c72fd9c225697f2e5d9a8988d0a2dcc78&attribute_pa_maat=klowie-03c10c50990743199cc887aaacd3f88a0a0a026e,528
1234,,5407008894504,2,https://www.ruitersport-levade.nl/product/kentucky-horsewear-turnout-rug-all-weather-waterproof-pro-160gr/?attribute_pa_kleur=klowie-282ec83c72fd9c225697f2e5d9a8988d0a2dcc78&attribute_pa_maat=klowie-2159a29c32f14c7ffd92d92af4310070aef0622f,528
1234,,5407008894528,-1,https://www.ruitersport-levade.nl/product/kentucky-horsewear-turnout-rug-all-weather-waterproof-pro-160gr/?attribute_pa_kleur=klowie-282ec83c72fd9c225697f2e5d9a8988d0a2dcc78&attribute_pa_maat=7-0,528
1234,,5407008894665,1,https://www.ruitersport-levade.nl/product/kentucky-horsewear-under-rug-skin-friendly-150-gr/?attribute_pa_kleur=klowie-cbfb3cb785c436531a6c26daf568a1c8b49fba71&attribute_pa_maat=klowie-03c10c50990743199cc887aaacd3f88a0a0a026e,528
1234,,5407008895143,1,https://www.ruitersport-levade.nl/product/kentucky-vegan-sheepskin-tendon-boots-bamboo-elastic/?attribute_pa_kleur=klowie-282ec83c72fd9c225697f2e5d9a8988d0a2dcc78&attribute_pa_maat=klowie-d404968ea90b07f16774ce75c7978d6ff60962f2,528
1234,,5407008896720,2,https://www.ruitersport-levade.nl/product/kentucky-skin-friendly-saddle-pad-velvet-dressage/?attribute_pa_kleur=klowie-cbfb3cb785c436531a6c26daf568a1c8b49fba71&attribute_pa_maat=klowie-94d4084d6cb3cee016c00ee28e4a715d12a741cc,528
1234,,5407008890599,1,https://www.ruitersport-levade.nl/product/kentucky-horsewear-under-rug-classic-300gr/?attribute_pa_kleur=klowie-0229e960cf4cd5f02b4ed9299c09b7880b2ffdaf&attribute_pa_maat=klowie-2159a29c32f14c7ffd92d92af4310070aef0622f,528
